ts_ns,action,id,owner,side,type,price,qty
0,new,1,160,bid,limit,9999,9
0,new,2,351,bid,limit,9999,10
0,new,3,295,ask,limit,10001,8
0,new,4,303,ask,limit,10001,2
0,new,5,467,bid,limit,9998,3
0,new,6,426,bid,limit,9998,6
0,new,7,35,ask,limit,10002,7
0,new,8,274,ask,limit,10002,5
0,new,9,26,bid,limit,9997,3
0,new,10,234,bid,limit,9997,6
0,new,11,432,ask,limit,10003,2
0,new,12,263,ask,limit,10003,7
0,new,13,72,bid,limit,9996,9
0,new,14,475,bid,limit,9996,5
0,new,15,436,ask,limit,10004,6
0,new,16,319,ask,limit,10004,1
0,new,17,140,bid,limit,9995,8
0,new,18,358,bid,limit,9995,10
0,new,19,204,ask,limit,10005,8
0,new,20,400,ask,limit,10005,6
0,new,21,85,bid,limit,9994,9
0,new,22,296,bid,limit,9994,5
0,new,23,208,ask,limit,10006,1
0,new,24,290,ask,limit,10006,7
0,new,25,122,bid,limit,9993,8
0,new,26,245,bid,limit,9993,8
0,new,27,405,ask,limit,10007,5
0,new,28,88,ask,limit,10007,7
0,new,29,92,bid,limit,9992,8
0,new,30,31,bid,limit,9992,7
0,new,31,484,ask,limit,10008,7
0,new,32,482,ask,limit,10008,9
0,new,33,318,bid,limit,9991,10
0,new,34,405,bid,limit,9991,6
0,new,35,10,ask,limit,10009,3
0,new,36,484,ask,limit,10009,1
0,new,37,66,bid,limit,9990,9
0,new,38,224,bid,limit,9990,2
0,new,39,147,ask,limit,10010,1
0,new,40,160,ask,limit,10010,10
10878233,new,41,14,bid,limit,9998,4
20405743,new,42,375,ask,limit,10010,6
21622820,new,43,349,bid,limit,10000,3
49101040,cancel,19,,,,,
61163930,new,44,135,bid,limit,9997,10
71253908,new,45,336,ask,limit,10013,10
87520692,new,46,190,bid,limit,9995,10
92002420,new,47,463,ask,limit,10006,3
96754148,new,48,239,bid,limit,9997,8
106831931,new,49,134,bid,limit,9995,1
114053764,new,50,120,bid,limit,9998,4
121897833,new,51,423,ask,limit,10003,10
148454137,new,52,208,bid,limit,9999,5
173244125,new,53,20,bid,limit,9997,4
183998926,new,54,85,ask,limit,10004,2
186695197,cancel,25,,,,,
200995712,new,55,332,ask,limit,10011,8
217531186,new,56,58,ask,limit,10004,8
220548441,new,57,301,bid,limit,9991,1
224893709,new,58,329,ask,limit,10005,2
229480953,new,59,128,ask,market,0,2
240649340,new,60,485,ask,market,0,12
243123878,new,61,153,bid,limit,9998,4
248954150,new,62,290,ask,limit,10004,8
252272389,new,63,137,ask,limit,10003,9
255470544,new,64,24,ask,limit,10007,6
266339998,new,65,421,ask,limit,10003,5
273077389,new,66,160,ask,market,0,7
282004192,new,67,164,ask,limit,10002,10
291186845,new,68,51,ask,limit,10013,3
295216843,new,69,387,ask,limit,10010,9
298241379,new,70,27,ask,limit,10013,2
303735530,new,71,210,bid,limit,9994,3
316614577,cancel,37,,,,,
319918255,new,72,497,bid,limit,9994,9
328261351,new,73,28,bid,limit,9988,7
343586831,new,74,452,ask,limit,10002,7
345372161,new,75,83,ask,limit,10012,8
354424692,new,76,204,ask,limit,10008,7
355685605,new,77,289,ask,limit,10005,4
360134275,cancel,74,,,,,
361814630,new,78,389,bid,limit,9993,3
365312787,new,79,66,ask,limit,10002,2
368686410,new,80,275,ask,limit,10006,6
380587025,cancel,64,,,,,
387327556,new,81,487,ask,market,0,6
395465433,new,82,155,ask,limit,10006,1
395798979,new,83,455,bid,limit,10000,6
401996858,new,84,98,bid,limit,9999,5
410887473,new,85,194,bid,limit,9998,10
422229210,new,86,45,bid,limit,9998,7
437676779,new,87,379,bid,limit,9989,3
457876582,new,88,372,bid,limit,9999,4
465089325,new,89,74,ask,limit,10015,2
465898533,new,90,354,bid,limit,9998,6
504806240,new,91,160,ask,limit,10003,1
511583534,new,92,362,bid,market,0,4
517864829,new,93,84,ask,market,0,11
525995213,cancel,13,,,,,
543643417,new,94,45,bid,market,0,4
545547538,new,95,132,ask,limit,10001,6
548773965,new,96,284,bid,limit,9989,6
578248373,new,97,177,bid,market,0,7
595439112,new,98,393,ask,market,0,9
619006839,cancel,18,,,,,
621376106,new,99,333,ask,limit,10005,6
623103969,new,100,104,bid,limit,9998,1
630206820,new,101,418,bid,limit,9995,8
630635348,new,102,366,ask,limit,10005,7
658957400,new,103,67,ask,limit,10011,6
675660662,new,104,399,bid,limit,9994,4
680875664,new,105,108,bid,limit,9986,9
681421978,new,106,113,bid,limit,9995,10
690319132,new,107,445,ask,limit,10015,3
692693079,new,108,311,ask,limit,10016,3
696034670,new,109,305,ask,limit,10006,10
700899300,new,110,434,ask,limit,10001,9
701784076,cancel,41,,,,,
706767837,new,111,317,ask,limit,10005,2
715042305,new,112,178,bid,limit,9992,4
721874178,new,113,93,ask,limit,10005,9
722411727,new,114,112,bid,limit,9993,6
750490741,new,115,243,ask,limit,10005,4
759556581,new,116,143,bid,limit,10000,10
761156891,new,117,92,bid,limit,9991,2
797431310,cancel,105,,,,,
797935659,cancel,71,,,,,
799349631,new,118,85,bid,limit,9995,5
804836915,new,119,174,bid,limit,9998,1
833076095,new,120,396,bid,limit,9998,9
836504714,new,121,435,bid,market,0,11
842985966,new,122,111,bid,limit,9994,10
856948299,new,123,244,ask,limit,10005,1
877045213,cancel,46,,,,,
877183529,new,124,56,bid,limit,9999,1
888022774,cancel,85,,,,,
890303007,cancel,109,,,,,
893613839,cancel,21,,,,,
895873380,new,125,398,bid,limit,9996,10
918626802,new,126,292,bid,market,0,2
927143073,new,127,445,ask,limit,10000,5
930983195,new,128,111,bid,limit,9999,5
935875608,new,129,231,ask,market,0,7
951209012,new,130,463,ask,limit,10000,7
958490059,new,131,41,bid,market,0,4
979966190,new,132,188,bid,limit,9994,8
992955486,new,133,92,bid,market,0,5
997275151,new,134,319,bid,limit,10000,7
999451502,new,135,70,bid,limit,9990,8
1005912248,new,136,143,bid,limit,9997,1
1020461728,new,137,310,bid,limit,9991,6
1047508594,new,138,400,bid,limit,9997,10
1055986118,new,139,150,ask,limit,10003,5
1056712819,new,140,283,ask,limit,10002,6
1057738896,new,141,444,bid,limit,9997,9
1062837857,new,142,253,bid,market,0,1
1077908243,cancel,141,,,,,
1079227218,new,143,418,ask,limit,10005,7
1081200198,cancel,139,,,,,
1083383702,cancel,28,,,,,
1121151289,new,144,160,bid,limit,9998,8
1145925987,new,145,128,ask,limit,10005,1
1161694687,new,146,267,ask,limit,10004,4
1167820149,new,147,226,ask,market,0,11
1168114137,new,148,307,bid,market,0,9
1191771304,new,149,250,bid,limit,9995,7
1194457537,new,150,138,ask,market,0,9
1216115242,new,151,396,ask,limit,10001,8
1216212109,new,152,393,bid,limit,9999,8
1232203084,new,153,473,bid,limit,9996,7
1243737733,new,154,444,ask,limit,10004,6
1253355207,new,155,404,ask,limit,10010,7
1264036576,new,156,234,bid,limit,9995,3
1270790587,new,157,488,bid,limit,10000,7
1275116158,new,158,279,bid,limit,9982,5
1285735747,new,159,168,ask,limit,10005,7
1294454401,new,160,157,ask,limit,10013,7
1296299919,cancel,56,,,,,
1310753569,new,161,139,ask,limit,10002,2
1317352810,cancel,67,,,,,
1329016925,cancel,135,,,,,
1332954514,new,162,247,bid,limit,9987,2
1343457879,cancel,96,,,,,
1358278684,new,163,214,bid,limit,9991,3
1361788452,new,164,2,ask,limit,10005,3
1363560869,new,165,205,bid,limit,9989,5
1364165211,new,166,417,bid,limit,9998,1
1367489089,new,167,317,ask,limit,10003,4
1379450649,cancel,78,,,,,
1382548657,new,168,331,bid,limit,9997,10
1384841638,new,169,485,ask,limit,10006,9
1398653881,new,170,435,bid,market,0,8
1400359327,new,171,467,ask,limit,10003,6
1408978007,new,172,38,ask,market,0,10
1411920334,cancel,51,,,,,
1413123998,cancel,137,,,,,
1417424107,new,173,355,ask,limit,10026,5
1444033993,cancel,75,,,,,
1446238185,new,174,303,bid,limit,9998,9
1446731530,new,175,363,bid,limit,9980,5
1447824888,new,176,490,ask,limit,10004,1
1452196927,new,177,276,bid,limit,9988,9
1456655426,cancel,119,,,,,
1461396716,new,178,38,bid,limit,9987,3
1462465932,cancel,177,,,,,
1506803117,cancel,174,,,,,
1506892662,cancel,165,,,,,
1536933288,new,179,55,ask,limit,10001,2
1540965679,cancel,12,,,,,
1545297413,new,180,118,ask,limit,10004,1
1550037512,new,181,382,ask,limit,10000,9
1570497417,cancel,33,,,,,
1572255761,new,182,453,bid,limit,9990,9
1573872864,new,183,463,bid,limit,9988,8
1576277350,new,184,372,ask,limit,10004,2
1576568540,cancel,26,,,,,
1579472767,new,185,273,ask,limit,10003,1
1594691625,cancel,20,,,,,
1595307984,new,186,486,ask,limit,10011,3
1600759592,cancel,24,,,,,
1602598851,new,187,449,bid,market,0,5
1602930803,new,188,267,bid,limit,9995,1
1603467372,new,189,253,ask,limit,10001,2
1606941086,new,190,94,bid,limit,9999,10
1607215026,new,191,384,bid,limit,9999,4
1623169608,new,192,181,ask,limit,10002,10
1624119294,new,193,229,ask,limit,10005,4
1644858450,new,194,268,ask,limit,10001,8
1645324153,new,195,486,bid,limit,9993,1
1657679318,cancel,122,,,,,
1668499394,new,196,78,ask,limit,10005,8
1677350658,new,197,259,bid,limit,9998,6
1679616687,cancel,120,,,,,
1681367552,new,198,177,bid,limit,9996,1
1690066421,new,199,390,bid,limit,9996,6
1705219600,new,200,213,ask,limit,10002,3
1714868009,new,201,86,bid,limit,10000,1
1718221505,new,202,431,bid,limit,9991,9
1719176300,new,203,424,ask,limit,10008,10
1746402431,new,204,178,bid,limit,9995,2
1747754888,new,205,53,ask,limit,10015,10
1751271294,new,206,166,bid,limit,9997,5
1757116656,new,207,22,bid,limit,9996,6
1757601539,cancel,197,,,,,
1766710479,new,208,322,bid,limit,9999,10
1775756772,new,209,13,ask,limit,10009,7
1775763248,new,210,6,bid,limit,9993,6
1785239158,new,211,268,bid,limit,10000,6
1792186428,cancel,196,,,,,
1793615524,cancel,191,,,,,
1797116830,new,212,384,bid,limit,9991,3
1797956400,cancel,61,,,,,
1803154717,new,213,440,ask,limit,10002,10
1803278498,new,214,253,bid,limit,9984,5
1805968328,new,215,260,ask,limit,10007,9
1810758955,new,216,495,bid,limit,9998,3
1816386159,new,217,322,bid,limit,9995,9
1825455881,new,218,322,bid,market,0,9
1830385284,cancel,87,,,,,
1849125677,new,219,399,ask,limit,10005,8
1858280368,cancel,9,,,,,
1859721248,new,220,401,bid,limit,9997,6
1892248992,new,221,62,bid,limit,9994,4
1901924472,new,222,210,ask,limit,10007,3
1919041146,new,223,382,bid,limit,9996,4
1921863848,new,224,107,bid,market,0,6
1941046701,cancel,206,,,,,
1942473428,new,225,200,bid,limit,9993,8
1954817925,new,226,134,bid,limit,10000,7
1980697603,new,227,14,ask,limit,10006,6
1986943428,new,228,6,ask,limit,10005,3
1996180225,cancel,99,,,,,
2039449098,new,229,313,ask,limit,10004,7
2069828778,cancel,159,,,,,
2090125438,new,230,103,bid,market,0,11
2094109591,cancel,23,,,,,
2103271278,new,231,450,bid,limit,10002,6
2117739893,new,232,436,ask,limit,10005,1
2122285594,new,233,220,ask,limit,10004,6
2125302044,new,234,169,bid,limit,10000,1
2135369187,new,235,25,bid,limit,10000,8
2136622832,new,236,52,ask,limit,10009,4
2167433112,new,237,476,ask,limit,10004,2
2177701989,cancel,55,,,,,
2187661559,new,238,497,bid,limit,9999,4
2188117084,cancel,202,,,,,
2192395198,new,239,253,ask,limit,10005,9
2195330700,new,240,87,ask,limit,10008,9
2218576722,new,241,62,ask,limit,10013,4
2219865786,new,242,332,bid,limit,10000,1
2220766063,new,243,227,ask,limit,10007,3
2227029217,cancel,49,,,,,
2227715788,cancel,193,,,,,
2229192370,new,244,111,bid,limit,9997,6
2238520392,new,245,140,bid,limit,10000,8
2241179688,cancel,107,,,,,
2247719809,new,246,219,ask,limit,10005,9
2248471855,new,247,117,ask,limit,10010,1
2251718525,new,248,298,ask,limit,10004,3
2256412386,new,249,346,bid,limit,9990,4
2265323060,cancel,65,,,,,
2270479806,new,250,178,ask,limit,10006,7
2281860757,new,251,494,ask,limit,10003,5
2303346901,cancel,185,,,,,
2311359323,new,252,314,bid,limit,10000,3
2315003272,new,253,390,ask,limit,10004,4
2342757510,new,254,483,bid,market,0,8
2343391702,cancel,220,,,,,
2364344900,cancel,248,,,,,
2367842004,cancel,216,,,,,
2375814719,new,255,473,bid,limit,9998,9
2382754880,cancel,169,,,,,
2383805455,new,256,165,bid,limit,9998,1
2403847507,new,257,484,ask,limit,10021,10
2411288109,cancel,29,,,,,
2412105860,cancel,251,,,,,
2422405130,new,258,154,bid,limit,9998,4
2435727663,new,259,1,ask,limit,10005,6
2470766290,new,260,377,ask,limit,10007,1
2475108443,cancel,89,,,,,
2489334119,new,261,248,ask,limit,10014,3
2504025785,new,262,407,bid,limit,9998,8
2516398786,cancel,183,,,,,
2525636266,cancel,236,,,,,
2527595310,new,263,11,bid,limit,10001,6
2533675240,new,264,124,ask,limit,10016,6
2549147095,cancel,171,,,,,
2549252364,new,265,281,bid,limit,10002,5
2558226560,cancel,180,,,,,
2559151698,new,266,423,ask,limit,10018,6
2572993985,cancel,36,,,,,
2580364574,cancel,145,,,,,
2593159629,cancel,266,,,,,
2598225016,new,267,497,ask,limit,10004,7
2600068159,new,268,425,ask,limit,10009,6
2600256009,cancel,195,,,,,
2602454103,cancel,58,,,,,
2608824368,cancel,184,,,,,
2609668191,new,269,372,ask,limit,10004,3
2632438489,new,270,63,ask,market,0,8
2632538784,new,271,149,bid,limit,10001,4
2647251897,new,272,161,bid,limit,9993,3
2656218219,new,273,424,bid,limit,10002,5
2660324698,new,274,117,bid,limit,9994,8
2660832222,cancel,48,,,,,
2669087120,new,275,302,bid,limit,10002,1
2673502061,new,276,171,ask,limit,10005,8
2673503774,new,277,244,bid,limit,9994,7
2675682447,cancel,10,,,,,
2689426602,new,278,27,ask,limit,10004,9
2692118774,new,279,435,bid,limit,9994,6
2692559547,new,280,85,bid,limit,9992,6
2701461899,new,281,216,ask,limit,10012,4
2702676611,cancel,155,,,,,
2710181060,cancel,149,,,,,
2725092752,new,282,397,bid,limit,10000,2
2732744022,new,283,280,ask,market,0,10
2733823862,cancel,132,,,,,
2741725002,new,284,172,bid,limit,9995,8
2745961432,new,285,358,ask,market,0,8
2780931906,new,286,109,bid,limit,9993,3
2812303469,new,287,445,bid,limit,9993,2
2812364288,new,288,87,ask,limit,10012,1
2816443510,new,289,243,ask,limit,10011,10
2825241626,cancel,146,,,,,
2841219807,new,290,493,bid,limit,10002,10
2843764861,new,291,105,bid,limit,9993,8
2847927739,new,292,55,ask,limit,10005,10
2852646628,new,293,40,ask,market,0,2
2855180437,new,294,15,bid,limit,9989,3
2864261558,new,295,223,bid,market,0,12
2879781665,new,296,391,ask,limit,10004,9
2893421474,cancel,249,,,,,
2908553035,new,297,142,ask,limit,10006,4
2910620703,new,298,450,bid,limit,10001,5
2913833349,new,299,194,bid,limit,9996,1
2925086243,cancel,235,,,,,
2932252327,cancel,80,,,,,
2933187495,new,300,421,ask,limit,10014,9
2955820602,cancel,299,,,,,
2967325868,new,301,335,bid,limit,10002,5
2973901388,cancel,225,,,,,
2984783055,cancel,35,,,,,
2991097073,cancel,298,,,,,
2994870028,new,302,313,bid,market,0,10
2996058731,new,303,274,ask,limit,10006,6
3001359563,new,304,490,bid,limit,9992,6
3015148052,cancel,243,,,,,
3019449083,new,305,434,bid,limit,10001,10
3026414732,cancel,160,,,,,
3033593933,new,306,325,bid,limit,9995,9
3052684113,new,307,57,bid,market,0,9
3060552377,new,308,324,bid,limit,10001,8
3069017051,new,309,96,bid,limit,10000,7
3083737881,cancel,115,,,,,
3084831896,new,310,283,ask,limit,10003,3
3092426878,new,311,289,bid,limit,10001,8
3104907792,cancel,190,,,,,
3110434220,new,312,179,bid,limit,9993,9
3111714634,new,313,352,ask,limit,10006,6
3115903772,new,314,49,ask,limit,10005,5
3118277357,cancel,279,,,,,
3131948602,cancel,164,,,,,
3132455241,new,315,68,bid,limit,9999,8
3139356864,new,316,499,bid,limit,9998,6
3150899872,cancel,269,,,,,
3153411381,new,317,458,bid,limit,10000,5
3159259975,cancel,209,,,,,
3160434063,new,318,426,bid,limit,9991,9
3179133624,new,319,412,ask,limit,10013,9
3181500275,new,320,356,ask,limit,10011,9
3211232862,new,321,461,bid,limit,9998,8
3218407516,new,322,454,bid,limit,10001,2
3218877023,new,323,471,ask,limit,10007,3
3221444656,new,324,395,ask,limit,10004,9
3222590492,new,325,337,ask,market,0,4
3247072865,new,326,139,bid,limit,10001,6
3249010310,new,327,403,ask,limit,10017,1
3249916360,cancel,212,,,,,
3259161451,cancel,30,,,,,
3265968265,new,328,295,ask,limit,10008,4
3267967579,new,329,48,bid,limit,10001,1
3274473497,new,330,91,ask,limit,10007,2
3276514228,new,331,336,bid,market,0,2
3298691625,cancel,250,,,,,
3302142940,cancel,111,,,,,
3304057317,new,332,87,bid,limit,9998,4
3309987295,new,333,476,bid,limit,9998,10
3315481850,new,334,192,bid,market,0,1
3317911846,cancel,125,,,,,
3318991246,new,335,198,ask,limit,10007,3
3327881383,new,336,17,bid,limit,9999,10
3328294511,new,337,207,ask,limit,10004,5
3328545119,new,338,225,bid,limit,10001,9
3328743444,cancel,333,,,,,
3330672809,new,339,470,ask,limit,10006,5
3347221673,new,340,169,ask,limit,10005,5
3349703963,cancel,73,,,,,
3354335389,new,341,422,ask,limit,10005,3
3362994162,new,342,146,ask,limit,10006,3
3370928664,cancel,296,,,,,
3371316543,new,343,37,bid,limit,10002,1
3390124734,cancel,178,,,,,
3392777682,new,344,361,bid,market,0,3
3402901857,cancel,14,,,,,
3403204164,new,345,236,bid,limit,9998,10
3404003227,new,346,250,bid,limit,10002,7
3409442645,new,347,396,ask,limit,10012,8
3422371565,new,348,21,bid,limit,10003,4
3432010126,cancel,208,,,,,
3440254273,new,349,286,ask,limit,10004,3
3442605366,cancel,290,,,,,
3452910089,new,350,190,ask,limit,10009,7
3454918765,new,351,48,bid,limit,9996,4
3470363370,new,352,180,bid,market,0,7
3471065485,new,353,187,bid,limit,10001,10
3488247063,new,354,272,ask,limit,10005,8
3508503615,new,355,240,ask,limit,10005,4
3509493924,new,356,330,ask,market,0,12
3518909180,cancel,247,,,,,
3534102554,new,357,415,bid,limit,9985,7
3536757721,cancel,42,,,,,
3556761680,new,358,490,bid,limit,10002,3
3561548438,new,359,212,bid,limit,9983,8
3562610652,cancel,329,,,,,
3562812015,new,360,106,ask,limit,10005,10
3563757070,new,361,343,bid,limit,9997,5
3566233260,new,362,36,ask,limit,10010,8
3566794650,new,363,304,bid,limit,10002,5
3567736152,new,364,280,bid,limit,9997,2
3568012643,cancel,227,,,,,
3580810561,cancel,267,,,,,
3613892507,new,365,100,ask,limit,10006,10
3619727099,new,366,233,ask,limit,10009,3
3619880448,cancel,353,,,,,
3637910913,new,367,87,bid,limit,10003,7
3647091702,new,368,31,bid,market,0,7
3651972786,new,369,410,bid,limit,10000,1
3659819657,new,370,111,bid,limit,10004,10
3662277578,cancel,305,,,,,
3665585655,new,371,423,ask,limit,10007,1
3669321295,new,372,258,bid,market,0,7
3675265803,new,373,115,ask,limit,10007,6
3677441672,new,374,254,bid,limit,9995,4
3678723060,cancel,359,,,,,
3681652178,new,375,116,ask,limit,10017,1
3693879279,new,376,294,ask,limit,10011,1
3694440859,new,377,139,bid,limit,10000,1
3711494978,new,378,489,bid,limit,9999,7
3731148229,new,379,266,bid,market,0,1
3733066751,cancel,252,,,,,
3736007893,new,380,424,ask,limit,10009,2
3739024799,new,381,203,ask,limit,10012,2
3748241815,new,382,205,bid,limit,10004,4
3754932339,new,383,173,ask,limit,10010,10
3762180510,new,384,206,bid,market,0,8
3770243840,new,385,332,bid,limit,10005,10
3822732814,cancel,68,,,,,
3836309987,cancel,136,,,,,
3848640781,cancel,198,,,,,
3851578580,new,386,36,bid,limit,10000,1
3854209620,new,387,54,bid,limit,10005,2
3879195579,new,388,312,ask,market,0,3
3894876032,cancel,303,,,,,
3895647767,new,389,121,bid,limit,9999,3
3904575583,new,390,428,bid,limit,10005,2
3904668117,cancel,259,,,,,
3908160911,new,391,55,ask,limit,10013,10
3913735597,new,392,11,ask,limit,10012,7
3927057412,cancel,260,,,,,
3930820896,new,393,301,bid,limit,10001,6
3934023003,new,394,355,bid,limit,10006,7
3945278220,new,395,171,bid,limit,10003,3
3950461126,new,396,489,bid,limit,10005,6
3964016761,new,397,77,ask,limit,10014,6
3964755505,cancel,366,,,,,
3974423646,new,398,21,bid,limit,10003,7
3982734005,new,399,6,ask,limit,10009,3
3991041043,new,400,306,bid,market,0,8
3995143633,new,401,210,ask,limit,10008,4
4011040972,cancel,292,,,,,
4019547831,new,402,258,ask,limit,10011,3
4036674094,new,403,156,ask,limit,10013,5
4039567320,cancel,332,,,,,
4040817994,cancel,361,,,,,
4044068945,cancel,162,,,,,
4045783709,new,404,213,bid,market,0,1
4053569948,new,405,220,bid,limit,9994,3
4062376818,new,406,18,bid,limit,9997,1
4077968548,cancel,276,,,,,
4085486423,cancel,326,,,,,
4085866387,new,407,277,ask,limit,10008,3
4088037162,cancel,38,,,,,
4089556758,new,408,171,ask,limit,10015,6
4092940089,new,409,312,bid,limit,10001,9
4100880902,new,410,152,bid,limit,9998,2
4105842994,cancel,34,,,,,
4109051154,new,411,134,bid,limit,10001,4
4115312131,new,412,347,bid,limit,9986,2
4124552615,new,413,70,ask,market,0,11
4144815529,new,414,449,ask,limit,10010,6
4149788613,new,415,111,ask,limit,10018,10
4167184409,cancel,406,,,,,
4170340707,new,416,499,ask,limit,10012,9
4175444010,new,417,5,bid,limit,9989,9
4176895122,new,418,439,bid,limit,10003,4
4183699607,new,419,441,ask,market,0,9
4204549608,cancel,399,,,,,
4215820882,new,420,205,ask,limit,10011,3
4217480554,new,421,402,ask,limit,10009,7
4240914220,new,422,440,ask,limit,10018,9
4244087802,new,423,414,ask,limit,10009,9
4245327542,new,424,226,bid,limit,9998,10
4250947835,cancel,314,,,,,
4257774402,cancel,272,,,,,
4257858254,new,425,429,ask,limit,10009,1
4259497332,new,426,403,bid,limit,10002,10
4264740033,new,427,494,ask,limit,10008,9
4271581442,new,428,225,ask,limit,10008,3
4272654866,cancel,407,,,,,
4275764542,new,429,309,bid,limit,9996,2
4276692551,new,430,220,bid,limit,10003,9
4277935004,new,431,188,bid,limit,10004,7
4283798310,new,432,51,ask,limit,10032,2
4285727000,new,433,228,ask,market,0,12
4288026664,new,434,209,bid,market,0,6
4292939139,new,435,448,bid,limit,10005,6
4301831818,new,436,67,bid,limit,10004,7
4310502797,new,437,112,bid,limit,10004,5
4317279504,new,438,403,bid,limit,10004,6
4317522346,new,439,430,bid,limit,10003,5
4324519679,new,440,371,bid,limit,9994,2
4326954202,cancel,347,,,,,
4328045109,new,441,492,bid,limit,10000,6
4329792754,cancel,355,,,,,
4333786300,cancel,422,,,,,
4340098917,new,442,174,bid,limit,10002,1
4368240196,cancel,380,,,,,
4370355886,new,443,204,bid,limit,10004,5
4370780982,new,444,331,ask,limit,10013,7
4372098030,cancel,257,,,,,
4379287214,cancel,376,,,,,
4381043917,new,445,438,bid,limit,10005,4
4381864188,cancel,246,,,,,
4384643802,new,446,148,bid,limit,9995,6
4387566089,new,447,294,ask,limit,10013,4
4402167331,cancel,335,,,,,
4418304350,new,448,27,bid,limit,9992,1
4427613739,new,449,353,bid,limit,10005,9
4440970804,new,450,344,bid,market,0,5
4442895580,cancel,210,,,,,
4487885912,new,451,408,ask,limit,10008,6
4498022212,new,452,41,bid,limit,10005,4
4498658111,new,453,264,bid,limit,10002,5
4505264412,new,454,33,ask,limit,10009,8
4512174961,new,455,195,bid,limit,10007,3
4555579635,cancel,410,,,,,
4561444389,new,456,17,bid,market,0,3
4567305909,new,457,85,bid,market,0,9
4572171202,cancel,319,,,,,
4575976037,new,458,167,bid,limit,10001,7
4579380446,new,459,390,bid,market,0,1
4585188423,new,460,16,ask,limit,10007,4
4585533113,cancel,114,,,,,
4586404532,new,461,331,bid,limit,9996,7
4586933062,new,462,440,bid,limit,10000,5
4589601051,new,463,179,ask,limit,10018,10
4596981298,new,464,46,ask,limit,10009,7
4605705108,new,465,338,ask,limit,10018,7
4605705811,new,466,299,bid,limit,10006,5
4608125671,cancel,39,,,,,
4609142961,cancel,458,,,,,
4625038147,new,467,249,bid,limit,9996,3
4625306407,new,468,200,ask,limit,10007,9
4628936639,new,469,335,bid,limit,9993,2
4629582353,new,470,224,bid,limit,9995,3
4633039090,new,471,333,bid,limit,10004,2
4662692750,new,472,312,bid,limit,9968,7
4666888607,cancel,288,,,,,
4670981873,new,473,336,bid,limit,10005,4
4681716641,cancel,350,,,,,
4682385548,new,474,353,ask,limit,10009,5
4689522868,new,475,35,bid,market,0,7
4693109380,new,476,231,bid,limit,10001,5
4702857988,new,477,285,ask,limit,10011,2
4719467914,new,478,484,bid,limit,10004,2
4727137484,new,479,254,ask,limit,10014,3
4731984346,cancel,256,,,,,
4734321684,cancel,152,,,,,
4740253061,new,480,363,bid,limit,10007,10
4745151763,cancel,336,,,,,
4762341893,new,481,21,ask,limit,10010,9
4762494099,new,482,213,bid,limit,10007,9
4771837548,new,483,50,ask,limit,10016,3
4775282130,cancel,286,,,,,
4781396668,new,484,306,ask,limit,10014,4
4790271073,new,485,386,bid,limit,10007,2
4808726697,new,486,31,bid,limit,10005,6
4821571123,new,487,320,ask,market,0,1
4829967283,new,488,70,bid,limit,10006,6
4841387762,new,489,28,bid,limit,10008,3
4842251338,new,490,278,ask,limit,10016,6
4843461537,new,491,44,ask,limit,10010,2
4845075775,new,492,455,bid,market,0,6
4846293441,new,493,366,bid,market,0,10
4848822170,cancel,86,,,,,
4882745658,new,494,254,ask,limit,10013,7
4884290833,cancel,117,,,,,
4891520508,cancel,186,,,,,
4896073584,new,495,465,ask,limit,10017,6
4908560944,new,496,381,ask,limit,10012,1
4927441992,new,497,149,ask,limit,10013,6
4938486179,new,498,442,bid,limit,10006,1
4940849612,cancel,441,,,,,
4945874708,new,499,291,bid,limit,10006,2
4947820136,new,500,499,bid,limit,10006,10
4949159011,new,501,482,bid,limit,10008,3
4962604527,cancel,53,,,,,
4977169194,new,502,466,bid,market,0,10
4980477512,new,503,86,bid,limit,10002,3
4982118538,new,504,460,ask,limit,10011,5
5000718089,new,505,54,bid,limit,9984,6
5002959654,cancel,281,,,,,
5005096424,new,506,74,bid,market,0,2
5005794885,cancel,32,,,,,
5006919360,cancel,45,,,,,
5021585268,cancel,476,,,,,
5023337476,cancel,289,,,,,
5033411462,cancel,454,,,,,
5042280544,new,507,449,ask,limit,10014,2
5046858871,new,508,113,bid,limit,10004,10
5059036932,new,509,328,bid,limit,10006,1
5063079838,cancel,103,,,,,
5064462741,cancel,280,,,,,
5079715202,new,510,53,ask,limit,10027,4
5095589675,new,511,133,bid,market,0,10
5108897034,cancel,100,,,,,
5116783444,new,512,495,ask,market,0,5
5122885702,new,513,248,bid,limit,10007,5
5126905136,new,514,95,ask,limit,10009,7
5126947108,new,515,357,ask,limit,10018,5
5130408971,new,516,175,ask,market,0,5
5139871717,new,517,427,bid,limit,10006,6
5149864947,new,518,327,ask,limit,10010,10
5151792805,cancel,421,,,,,
5155856405,cancel,429,,,,,
5160749113,new,519,198,ask,limit,10009,4
5164269319,new,520,116,ask,limit,10013,9
5167471051,new,521,118,ask,limit,10011,9
5172666818,new,522,83,bid,limit,9999,4
5175337358,new,523,28,ask,limit,10012,7
5191396316,new,524,75,bid,market,0,1
5202813039,new,525,282,ask,limit,10011,6
5213040771,new,526,320,bid,limit,9999,4
5233962721,cancel,182,,,,,
5246690087,new,527,454,bid,limit,10006,9
5265899316,new,528,43,ask,market,0,2
5268683764,cancel,448,,,,,
5275472684,new,529,54,ask,limit,10010,3
5276894503,new,530,70,bid,market,0,1
5308899855,new,531,108,ask,limit,10012,9
5317187569,cancel,479,,,,,
5318681038,new,532,478,ask,limit,10013,9
5345308520,new,533,173,ask,limit,10013,8
5353321186,new,534,469,ask,limit,10012,2
5357500591,new,535,204,bid,limit,9999,5
5359013230,new,536,213,bid,limit,10006,10
5374948078,cancel,439,,,,,
5376525227,new,537,399,bid,limit,10004,7
5384580134,new,538,73,ask,limit,10040,5
5386067085,cancel,495,,,,,
5390889625,new,539,482,bid,limit,10004,9
5392581231,new,540,284,ask,limit,10028,5
5416088309,new,541,161,ask,limit,10009,8
5425692824,new,542,359,bid,limit,9998,10
5434324341,new,543,51,ask,limit,10009,7
5438945814,new,544,409,ask,limit,10010,5
5444297909,new,545,122,ask,limit,10010,8
5447279449,new,546,172,ask,limit,10014,1
5462991489,cancel,539,,,,,
5469239571,cancel,473,,,,,
5469457989,new,547,453,ask,limit,10011,2
5495622477,cancel,234,,,,,
5499142950,new,548,299,bid,limit,9994,9
5504237010,cancel,436,,,,,
5516698936,cancel,483,,,,,
5518692305,new,549,202,bid,limit,10004,2
5527270434,new,550,434,ask,limit,10017,10
5528313464,new,551,53,bid,market,0,9
5531125801,new,552,184,ask,limit,10009,3
5551468674,new,553,3,ask,limit,10010,8
5568132314,new,554,117,bid,limit,9987,2
5598051155,new,555,13,ask,limit,10011,8
5598391633,cancel,515,,,,,
5603887227,new,556,347,ask,market,0,4
5608313927,new,557,221,ask,limit,10011,2
5610409568,cancel,245,,,,,
5610431617,new,558,295,ask,limit,10016,9
5633581659,new,559,31,bid,limit,10006,1
5633614676,cancel,153,,,,,
5652129723,cancel,244,,,,,
5652232754,new,560,253,ask,limit,10012,5
5653562501,new,561,101,bid,limit,9999,8
5656804403,new,562,486,bid,limit,10006,10
5680424415,cancel,108,,,,,
5686542134,new,563,140,bid,limit,10006,2
5687018531,cancel,405,,,,,
5687817977,new,564,173,bid,limit,10001,5
5693468182,new,565,365,ask,limit,10016,6
5706708245,new,566,411,ask,limit,10010,6
5713411520,cancel,426,,,,,
5718971756,new,567,279,ask,limit,10020,1
5725936987,cancel,461,,,,,
5725944980,new,568,93,ask,limit,10008,5
5727993963,new,569,466,ask,limit,10021,4
5756325626,new,570,347,bid,limit,10007,1
5759943631,cancel,320,,,,,
5777602522,cancel,471,,,,,
5779289045,new,571,287,ask,limit,10008,10
5787332459,new,572,473,bid,limit,10004,8
5787934087,new,573,103,bid,limit,9989,4
5789882941,cancel,112,,,,,
5791127893,new,574,187,bid,limit,10000,6
5804646464,new,575,193,bid,limit,10005,10
5809326831,cancel,411,,,,,
5811844292,cancel,447,,,,,
5812592171,new,576,96,ask,limit,10014,4
5813770743,new,577,67,bid,market,0,12
5819547134,cancel,166,,,,,
5831951256,cancel,217,,,,,
5833194758,new,578,96,ask,limit,10016,3
5847717734,new,579,445,ask,limit,10009,2
5850006505,new,580,27,ask,limit,10013,8
5858664514,new,581,35,bid,limit,10007,9
5859342547,new,582,128,bid,limit,9999,5
5862796011,cancel,497,,,,,
5866742146,new,583,118,bid,limit,10001,3
5873075196,new,584,146,bid,limit,10001,8
5874972863,new,585,380,ask,limit,10011,5
5881363562,new,586,435,ask,limit,10010,5
5892283146,new,587,327,ask,limit,10012,9
5900279705,new,588,214,bid,market,0,10
5904542999,cancel,496,,,,,
5921616794,new,589,218,bid,market,0,11
5928421068,new,590,30,bid,limit,9998,10
5946435455,cancel,374,,,,,
5964810384,cancel,444,,,,,
5976571645,new,591,139,ask,limit,10013,2
5981626454,new,592,407,ask,limit,10010,8
5983851677,cancel,282,,,,,
5984252984,new,593,8,ask,limit,10009,6
5986013468,new,594,420,ask,limit,10013,9
5998046540,new,595,335,bid,limit,10003,6
5998128852,new,596,492,bid,limit,10004,8
6006416664,cancel,312,,,,,
6007910024,new,597,58,bid,market,0,1
6012602217,new,598,16,ask,limit,10009,10
6031256229,cancel,453,,,,,
6032143612,new,599,194,ask,limit,10010,8
6045871335,cancel,17,,,,,
6048073490,cancel,322,,,,,
6051230847,new,600,105,ask,limit,10011,3
6063194664,cancel,304,,,,,
6069293025,new,601,366,bid,limit,10008,4
6075099502,new,602,379,ask,limit,10034,6
6076993516,new,603,282,bid,market,0,4
6078931794,new,604,213,ask,market,0,3
6083461516,cancel,242,,,,,
6084051547,new,605,115,ask,limit,10023,2
6084530896,cancel,581,,,,,
6092338572,new,606,11,ask,limit,10026,4
6099250531,cancel,490,,,,,
6101312914,cancel,291,,,,,
6115585837,new,607,60,ask,limit,10012,5
6120881847,cancel,363,,,,,
6129686378,cancel,437,,,,,
6133739889,cancel,416,,,,,
6135660710,new,608,176,bid,limit,10001,7
6137327951,cancel,408,,,,,
6141781483,new,609,110,ask,limit,10011,6
6144040745,new,610,76,bid,limit,9999,5
6149550081,new,611,174,bid,limit,10007,6
6152474400,cancel,438,,,,,
6172853761,cancel,241,,,,,
6178909323,new,612,376,bid,limit,10002,6
6184586565,cancel,443,,,,,
6190151440,new,613,310,ask,limit,10010,4
6204155160,cancel,534,,,,,
6207614337,cancel,261,,,,,
6212081197,cancel,525,,,,,
6221589398,cancel,538,,,,,
6227059503,cancel,402,,,,,
6228263034,new,614,197,ask,limit,10016,6
6229630922,new,615,481,bid,market,0,7
6232503949,cancel,470,,,,,
6257806814,cancel,533,,,,,
6259112661,new,616,134,ask,limit,10015,8
6264828252,cancel,580,,,,,
6269702802,cancel,358,,,,,
6283139879,cancel,357,,,,,
6285174025,new,617,446,bid,limit,9996,1
6285830276,new,618,327,bid,limit,9994,8
6287720784,new,619,282,ask,limit,10013,6
6321708768,new,620,496,ask,limit,10011,3
6340144719,new,621,73,ask,limit,10010,10
6352161229,new,622,292,ask,limit,10011,4
6352508401,new,623,94,bid,market,0,5
6358669732,cancel,583,,,,,
6368168322,new,624,421,ask,limit,10012,3
6368909051,new,625,390,bid,limit,10003,9
6379528627,cancel,381,,,,,
6396896571,new,626,336,bid,limit,10006,6
6405229968,new,627,363,ask,limit,10016,8
6415216802,cancel,106,,,,,
6426298353,new,628,3,bid,limit,10006,2
6432331790,cancel,614,,,,,
6433323603,new,629,286,ask,limit,10014,5
6434204382,cancel,510,,,,,
6434550612,cancel,90,,,,,
6447513402,new,630,331,ask,limit,10010,5
6450112549,new,631,72,bid,limit,10003,9
6454347073,new,632,24,bid,limit,10005,2
6456395984,new,633,331,ask,limit,10010,5
6457800327,cancel,321,,,,,
6460130870,new,634,143,bid,limit,10009,10
6463710588,new,635,347,bid,limit,10008,10
6467085357,new,636,123,ask,limit,10022,4
6468262511,cancel,414,,,,,
6470779314,new,637,303,ask,limit,10012,7
6474798530,cancel,369,,,,,
6478085453,new,638,76,ask,limit,10012,6
6496785149,new,639,241,bid,limit,9994,5
6506577211,cancel,223,,,,,
6508944820,cancel,505,,,,,
6515043512,cancel,311,,,,,
6531679982,cancel,582,,,,,
6558838096,new,640,38,bid,limit,10001,5
6565786587,new,641,160,bid,limit,10006,3
6574011796,cancel,424,,,,,
6599035703,new,642,346,bid,limit,10008,10
6599708533,cancel,554,,,,,
6608121436,new,643,44,ask,limit,10011,7
6611187058,new,644,456,bid,limit,10006,10
6611249580,new,645,443,ask,limit,10011,2
6616495158,new,646,176,ask,limit,10016,7
6627227716,new,647,109,bid,limit,10009,5
6629284163,cancel,576,,,,,
6636634075,cancel,101,,,,,
6641645607,cancel,562,,,,,
6651569182,new,648,303,ask,market,0,9
6679487134,new,649,385,ask,limit,10011,7
6682231882,new,650,367,bid,limit,10006,9
6690084189,new,651,15,ask,limit,10015,4
6701349786,new,652,115,bid,limit,9998,2
6712274370,new,653,36,bid,market,0,9
6717832417,new,654,283,ask,limit,10011,4
6720150166,new,655,8,ask,limit,10011,1
6738850112,new,656,109,ask,limit,10011,2
6744325636,new,657,305,bid,limit,10003,10
6747668202,cancel,287,,,,,
6767023236,cancel,70,,,,,
6770457902,new,658,18,ask,market,0,10
6773950440,cancel,543,,,,,
6782832861,new,659,298,ask,limit,10015,5
6787413811,new,660,88,ask,market,0,4
6788587003,new,661,99,bid,limit,10003,4
6791869904,new,662,143,bid,limit,9998,1
6809822168,new,663,372,ask,limit,10015,9
6813506674,new,664,450,ask,limit,10013,5
6813548694,cancel,362,,,,,
6827249030,cancel,44,,,,,
6845990775,cancel,300,,,,,
6847820445,cancel,552,,,,,
6854403655,cancel,474,,,,,
6864338289,new,665,150,bid,limit,10006,2
6864669945,new,666,209,bid,limit,10006,1
6865473341,cancel,579,,,,,
6898716867,new,667,252,ask,limit,10011,5
6899637367,new,668,104,bid,limit,10004,1
6899664236,cancel,432,,,,,
6906683597,new,669,321,bid,limit,10003,6
6911512189,cancel,655,,,,,
6918701211,cancel,486,,,,,
6928069508,new,670,50,ask,limit,10013,1
6928472664,cancel,205,,,,,
6932364565,new,671,353,bid,limit,10007,7
6939459755,new,672,274,ask,limit,10009,6
6958623801,new,673,333,ask,limit,10013,9
6960431803,cancel,397,,,,,
6968905212,new,674,328,bid,limit,10006,5
6970184808,new,675,111,ask,limit,10010,4
6992807486,new,676,491,ask,limit,10008,1
7000672607,new,677,494,ask,limit,10012,5
7012111530,cancel,641,,,,,
7012257679,cancel,526,,,,,
7030417995,cancel,605,,,,,
7037348784,new,678,472,ask,limit,10012,9
7041001197,new,679,498,bid,limit,10005,2
7052224856,new,680,68,ask,limit,10017,9
7056477672,new,681,45,bid,limit,10007,4
7058912851,new,682,454,bid,limit,10006,9
7068778709,new,683,49,ask,limit,10015,5
7070115604,new,684,59,bid,limit,10004,9
7071939971,cancel,682,,,,,
7073694522,new,685,484,bid,limit,10007,4
7079532888,new,686,359,bid,limit,10006,5
7095682396,new,687,364,bid,limit,10007,5
7098974903,new,688,408,ask,limit,10010,6
7108532125,new,689,405,bid,limit,10005,9
7109749133,new,690,303,bid,limit,9997,9
7110597763,new,691,176,ask,limit,10012,6
7113976680,new,692,489,bid,limit,9999,7
7115552942,new,693,233,bid,market,0,7
7139210392,new,694,334,bid,limit,10004,4
7144069786,new,695,18,ask,limit,10010,8
7144662108,cancel,649,,,,,
7161273802,cancel,606,,,,,
7170303879,new,696,485,bid,market,0,6
7172675128,new,697,202,bid,limit,10008,4
7174680749,new,698,375,ask,limit,10010,4
7176885584,new,699,19,bid,limit,10006,3
7219539577,new,700,390,ask,limit,10012,4
7237544308,new,701,329,ask,limit,10017,8
7245546301,new,702,149,ask,limit,10012,8
7245835884,new,703,416,bid,limit,10005,10
7246160614,cancel,598,,,,,
7248667471,new,704,160,bid,limit,9998,6
7249299816,new,705,65,ask,market,0,4
7249885598,new,706,316,ask,limit,10015,4
7261336929,new,707,389,ask,limit,10013,2
7261850959,new,708,422,bid,limit,10008,4
7265615714,new,709,118,bid,market,0,5
7278021553,new,710,140,bid,limit,10003,5
7302820623,cancel,57,,,,,
7308026511,new,711,16,ask,market,0,2
7334370395,cancel,561,,,,,
7354329535,new,712,348,ask,limit,10018,6
7354383276,new,713,276,ask,limit,10019,4
7365654557,new,714,83,ask,limit,10030,4
7388036938,new,715,488,ask,limit,10016,4
7401236294,new,716,431,ask,limit,10013,1
7403005072,cancel,663,,,,,
7404527687,cancel,628,,,,,
7415562970,cancel,560,,,,,
7427887059,new,717,313,ask,limit,10014,5
7444442521,cancel,574,,,,,
7457246027,cancel,518,,,,,
7471992177,cancel,484,,,,,
7485530132,new,718,167,ask,limit,10035,7
7537781992,cancel,590,,,,,
7544230295,new,719,185,ask,limit,10015,4
7545965653,new,720,137,bid,limit,10002,8
7549650144,new,721,75,bid,limit,9999,8
7554815715,cancel,565,,,,,
7555834003,new,722,118,ask,market,0,7
7559086031,new,723,220,bid,limit,10008,6
7559603041,cancel,586,,,,,
7561325486,new,724,62,bid,limit,10003,3
7565599209,new,725,235,bid,market,0,3
7569346760,new,726,238,ask,limit,10011,1
7569496008,new,727,32,ask,limit,10015,3
7575739551,new,728,14,ask,limit,10017,3
7578934846,new,729,398,ask,limit,10013,9
7583642338,new,730,18,ask,limit,10012,10
7591795373,cancel,698,,,,,
7604591494,new,731,252,bid,limit,9994,3
7617480326,new,732,337,ask,market,0,4
7624413563,cancel,188,,,,,
7631569789,new,733,452,bid,limit,9984,3
7634024061,new,734,182,ask,limit,10020,1
7634613617,cancel,675,,,,,
7640017931,cancel,671,,,,,
7652461609,cancel,22,,,,,
7655786072,cancel,274,,,,,
7663120278,new,735,463,ask,limit,10011,5
7671382094,cancel,537,,,,,
7685443848,new,736,136,bid,limit,10000,4
7698387972,cancel,403,,,,,
7703166629,cancel,575,,,,,
7709818851,cancel,595,,,,,
7720317066,new,737,337,ask,limit,10015,4
7732747001,cancel,637,,,,,
7735506163,new,738,226,bid,limit,10006,4
7737736232,cancel,650,,,,,
7742610744,new,739,87,ask,limit,10025,8
7748104970,new,740,267,bid,limit,10007,2
7761611404,new,741,160,bid,limit,10010,2
7762744919,new,742,355,bid,market,0,2
7784709388,new,743,72,bid,limit,10010,2
7786625629,cancel,723,,,,,
7789470605,new,744,255,ask,limit,10017,2
7791110795,cancel,731,,,,,
7804017209,new,745,497,bid,market,0,6
7816765448,new,746,231,ask,limit,10018,10
7817151378,cancel,631,,,,,
7825533223,new,747,375,bid,limit,10004,6
7826011179,cancel,40,,,,,
7836798774,new,748,413,ask,limit,10036,6
7840238605,cancel,625,,,,,
7842380061,new,749,331,ask,limit,10016,7
7850186977,new,750,480,ask,limit,10012,9
7858748959,new,751,349,ask,limit,10018,4
7865349365,cancel,346,,,,,
7872153219,new,752,331,bid,limit,10010,9
7898509895,cancel,557,,,,,
7901305222,new,753,394,bid,market,0,9
7904112593,new,754,178,ask,limit,10013,9
7905875192,cancel,707,,,,,
7906121783,new,755,91,bid,limit,10007,5
7926796725,new,756,202,ask,limit,10014,8
7927418453,new,757,219,bid,limit,10010,9
7937043444,new,758,267,bid,market,0,5
7945244040,new,759,60,bid,limit,10008,7
7946103042,new,760,11,bid,limit,10007,3
7957002280,new,761,73,ask,limit,10029,10
7975406794,cancel,207,,,,,
7977443458,new,762,474,ask,limit,10022,9
7983103038,new,763,478,bid,limit,10006,8
7987113597,cancel,685,,,,,
8015287715,cancel,659,,,,,
8022839373,new,764,54,bid,limit,10010,2
8027571722,cancel,521,,,,,
8042956898,new,765,368,ask,limit,10023,4
8044392851,new,766,9,ask,limit,10016,9
8049312715,cancel,716,,,,,
8050034690,cancel,386,,,,,
8054783342,new,767,172,ask,limit,10023,10
8057069800,cancel,620,,,,,
8057962121,cancel,657,,,,,
8060874327,cancel,736,,,,,
8064472379,new,768,258,bid,market,0,3
8066176094,cancel,238,,,,,
8075484753,cancel,156,,,,,
8083372763,cancel,520,,,,,
8084307623,cancel,508,,,,,
8097233961,new,769,475,bid,limit,10002,3
8097342709,new,770,372,ask,limit,10027,10
8104708910,cancel,608,,,,,
8114628870,new,771,479,bid,limit,10010,3
8118273358,cancel,629,,,,,
8132775186,new,772,79,bid,limit,10009,9
8137799032,cancel,317,,,,,
8138672129,cancel,393,,,,,
8139190340,new,773,306,ask,limit,10016,7
8143585843,new,774,101,bid,limit,10006,5
8166038021,new,775,32,ask,limit,10026,1
8171841641,cancel,726,,,,,
8176131936,cancel,610,,,,,
8185459856,new,776,144,ask,limit,10026,6
8201935126,new,777,225,ask,limit,10020,5
8227115564,cancel,734,,,,,
8242750232,cancel,578,,,,,
8248856508,new,778,11,ask,limit,10013,6
8259127867,new,779,451,bid,limit,10003,10
8260334208,cancel,545,,,,,
8266403349,new,780,12,bid,limit,10004,10
8267125059,new,781,219,bid,limit,10000,3
8273608354,new,782,75,bid,limit,10011,7
8275684203,new,783,184,ask,market,0,3
8284241226,cancel,774,,,,,
8287657534,new,784,133,ask,limit,10013,5
8315971649,cancel,559,,,,,
8327811160,new,785,230,ask,limit,10018,2
8337840765,cancel,692,,,,,
8343492490,new,786,446,ask,limit,10012,6
8350504334,new,787,230,bid,limit,10003,10
8351589414,cancel,294,,,,,
8365289047,cancel,175,,,,,
8368379549,new,788,83,ask,limit,10017,6
8385969580,new,789,108,ask,limit,10018,9
8388487451,new,790,423,bid,limit,10004,7
8388975282,new,791,16,ask,limit,10015,5
8389580785,cancel,622,,,,,
8389603729,cancel,255,,,,,
8395376051,cancel,338,,,,,
8399839912,new,792,350,bid,limit,10009,3
8403325462,new,793,71,ask,limit,10017,6
8406835681,new,794,89,ask,market,0,4
8411420064,new,795,467,ask,limit,10020,5
8418505200,new,796,227,ask,limit,10013,2
8420194161,new,797,181,bid,limit,10001,7
8421962149,cancel,144,,,,,
8430343706,new,798,483,bid,limit,10010,7
8446275086,new,799,362,bid,market,0,11
8453676696,new,800,365,ask,limit,10019,1
8465218473,new,801,356,bid,limit,10004,4
8474453005,new,802,103,bid,limit,9997,2
8479314645,new,803,371,ask,limit,10013,2
8487655164,new,804,370,bid,limit,10009,6
8501535165,new,805,140,ask,limit,10024,9
8505596897,new,806,22,bid,limit,10004,3
8511229073,new,807,253,ask,limit,10014,3
8511602209,cancel,756,,,,,
8525560074,new,808,472,bid,limit,10008,8
8534726691,cancel,646,,,,,
8542010488,cancel,619,,,,,
8547593095,cancel,730,,,,,
8555438224,cancel,345,,,,,
8573766298,cancel,654,,,,,
8575728103,new,809,170,bid,limit,10010,7
8575928646,cancel,796,,,,,
8576016732,cancel,523,,,,,
8577951165,cancel,584,,,,,
8592102281,new,810,402,ask,limit,10013,6
8592121491,cancel,327,,,,,
8594300417,cancel,527,,,,,
8612323599,new,811,250,ask,limit,10018,6
8616171492,new,812,490,ask,limit,10019,2
8618419170,cancel,645,,,,,
8641829665,new,813,151,ask,limit,10015,2
8646939029,new,814,198,bid,limit,10010,3
8647465911,new,815,188,ask,limit,10015,1
8652929731,new,816,281,ask,limit,10017,6
8653785583,cancel,718,,,,,
8654517413,new,817,193,bid,market,0,5
8655674957,cancel,674,,,,,
8660609328,new,818,153,ask,limit,10013,4
8666534607,cancel,751,,,,,
8676759687,cancel,569,,,,,
8689673376,new,819,16,ask,limit,10014,7
8721734554,new,820,29,bid,market,0,11
8729414194,new,821,433,bid,limit,10000,6
8746324416,new,822,476,ask,limit,10017,7
8755101321,new,823,80,bid,market,0,10
8757298838,new,824,132,bid,limit,10011,1
8759068352,cancel,138,,,,,
8760675584,new,825,105,bid,limit,10008,9
8773787849,cancel,462,,,,,
8781938196,new,826,34,ask,limit,10016,8
8801080061,cancel,531,,,,,
8802582021,new,827,76,bid,limit,9986,5
8804203431,new,828,259,bid,limit,10004,3
8806621976,new,829,54,bid,limit,10009,4
8808914388,new,830,413,bid,limit,10008,9
8810893559,new,831,1,bid,limit,10007,4
8813320325,cancel,463,,,,,
8830755458,cancel,573,,,,,
8836731782,cancel,661,,,,,
8845789845,new,832,294,bid,limit,10008,6
8848468306,new,833,91,bid,limit,10011,3
8868245182,cancel,806,,,,,
8874713199,new,834,299,ask,limit,10013,6
8878895590,cancel,522,,,,,
8900145495,new,835,371,ask,market,0,7
8910135078,new,836,431,ask,limit,10013,8
8914276807,new,837,226,bid,limit,10010,2
8933134102,new,838,6,ask,limit,10015,2
8935137896,cancel,585,,,,,
8971714126,cancel,72,,,,,
8988304839,cancel,572,,,,,
8990080497,cancel,446,,,,,
8990595395,new,839,460,ask,limit,10023,10
8991255485,new,840,216,ask,limit,10031,6
8993147890,new,841,172,ask,limit,10012,4
9008972571,new,842,241,ask,limit,10014,10
9016330001,new,843,57,ask,market,0,2
9020624678,new,844,187,ask,limit,10019,4
9023387016,new,845,126,ask,limit,10012,3
9032572859,new,846,71,ask,limit,10015,4
9038061989,new,847,79,bid,limit,10003,5
9039116081,new,848,13,ask,limit,10017,3
9039313048,new,849,109,ask,market,0,11
9050520476,new,850,264,ask,limit,10020,6
9052592793,cancel,750,,,,,
9055415165,cancel,759,,,,,
9086555658,new,851,245,ask,limit,10013,6
9092822470,cancel,810,,,,,
9110573487,cancel,786,,,,,
9115304658,new,852,448,bid,market,0,9
9122980751,new,853,114,bid,market,0,3
9126157785,cancel,656,,,,,
9126697401,cancel,668,,,,,
9137145298,new,854,278,ask,limit,10016,5
9144280862,new,855,58,ask,limit,10015,10
9145693499,new,856,357,bid,limit,10005,1
9154876902,new,857,171,ask,market,0,2
9157377958,new,858,474,bid,market,0,9
9163252344,cancel,618,,,,,
9168247590,new,859,5,bid,limit,10011,4
9196059459,new,860,186,ask,limit,10020,6
9199048780,cancel,532,,,,,
9204518389,new,861,313,bid,market,0,12
9207416299,new,862,438,bid,limit,10005,6
9215859628,new,863,455,ask,limit,10017,10
9217655546,cancel,807,,,,,
9225374162,new,864,339,ask,limit,10015,8
9228915737,new,865,400,ask,limit,10027,9
9242621604,new,866,246,ask,limit,10017,8
9245842307,new,867,196,ask,limit,10017,4
9255372847,new,868,375,ask,limit,10017,1
9264139963,cancel,729,,,,,
9273702311,cancel,351,,,,,
9276216864,new,869,253,bid,limit,10011,6
9280522229,new,870,232,ask,limit,10014,5
9280547014,new,871,101,ask,limit,10014,7
9290856053,new,872,178,ask,limit,10016,6
9295440542,cancel,564,,,,,
9299589480,cancel,706,,,,,
9299615436,new,873,373,ask,limit,10016,3
9304566235,new,874,209,bid,limit,10011,2
9306473127,new,875,229,ask,limit,10017,4
9313994578,cancel,549,,,,,
9315763433,new,876,115,bid,limit,10003,10
9327451884,new,877,20,bid,market,0,12
9329484632,cancel,871,,,,,
9339551991,cancel,787,,,,,
9342119093,new,878,494,ask,limit,10014,9
9356828380,new,879,233,ask,limit,10014,8
9380778003,new,880,395,ask,limit,10015,5
9392733960,cancel,865,,,,,
9394108210,new,881,31,bid,limit,10003,3
9413601297,new,882,424,ask,limit,10020,1
9414537778,new,883,277,ask,market,0,12
9416022832,new,884,167,bid,limit,10004,10
9416090030,new,885,290,ask,market,0,9
9429945559,cancel,478,,,,,
9438281152,new,886,27,ask,limit,10013,9
9438495878,new,887,226,bid,limit,10011,1
9441572414,new,888,303,ask,limit,10015,3
9449440521,new,889,374,ask,limit,10027,9
9450573970,new,890,366,bid,limit,10011,7
9462363890,cancel,868,,,,,
9485470909,new,891,348,bid,market,0,5
9487806390,cancel,702,,,,,
9506617677,cancel,713,,,,,
9513485968,new,892,135,ask,limit,10016,2
9519213750,new,893,137,ask,limit,10012,9
9523130558,new,894,338,ask,limit,10013,1
9525005966,new,895,351,bid,limit,10001,9
9530697784,new,896,468,bid,limit,10000,2
9536390380,new,897,484,ask,limit,10015,2
9542510383,cancel,632,,,,,
9546633289,new,898,339,bid,market,0,2
9548237734,new,899,313,ask,market,0,2
9550271617,cancel,173,,,,,
9551354985,cancel,763,,,,,
9555760210,new,900,213,bid,limit,10009,5
9560578705,new,901,471,ask,limit,10023,8
9562755094,cancel,900,,,,,
9562894215,new,902,123,ask,limit,10021,9
9565793745,new,903,348,bid,limit,10008,8
9568928739,cancel,819,,,,,
9569445767,new,904,456,ask,market,0,2
9576599682,new,905,191,bid,limit,10008,10
9576822362,new,906,222,bid,limit,10003,2
9579377690,new,907,311,bid,limit,10008,8
9593950407,new,908,19,bid,limit,9989,1
9597496516,new,909,149,bid,market,0,12
9600209581,new,910,338,ask,limit,10017,1
9615149537,cancel,678,,,,,
9629278559,cancel,842,,,,,
9630367826,cancel,733,,,,,
9634305134,new,911,436,bid,limit,10005,9
9637337571,cancel,779,,,,,
9650249746,cancel,673,,,,,
9656931628,cancel,872,,,,,
9662516720,new,912,499,bid,market,0,8
9679692162,new,913,119,bid,limit,10009,6
9679864358,new,914,440,bid,limit,10012,1
9713550242,new,915,40,ask,limit,10015,1
9723339024,new,916,140,ask,limit,10018,8
9728652915,new,917,170,bid,limit,10009,9
9738285884,new,918,134,ask,limit,10016,3
9763420840,cancel,754,,,,,
9779157047,cancel,889,,,,,
9784687396,cancel,694,,,,,
9788794729,new,919,84,ask,limit,10015,4
9791401689,new,920,128,bid,market,0,1
9792970394,cancel,740,,,,,
9806501615,cancel,503,,,,,
9815853237,cancel,306,,,,,
9827716918,new,921,108,ask,limit,10017,10
9830961003,cancel,773,,,,,
9836760283,cancel,915,,,,,
9841122438,new,922,338,ask,limit,10016,8
9847012101,new,923,344,bid,limit,10005,8
9848997501,new,924,140,ask,limit,10016,6
9861593221,new,925,300,ask,limit,10013,5
9862319426,cancel,704,,,,,
9868165567,cancel,788,,,,,
9872729430,cancel,816,,,,,
9881501136,cancel,886,,,,,
9882031040,new,926,316,ask,limit,10018,3
9882364922,new,927,275,bid,limit,9985,6
9882381765,new,928,76,ask,limit,10018,10
9882443023,new,929,68,ask,limit,10017,4
9888436914,new,930,405,bid,limit,10010,1
9902174153,cancel,315,,,,,
9904502676,new,931,248,ask,limit,10013,9
9932267237,new,932,121,ask,limit,10020,8
9945286803,new,933,454,bid,limit,10009,4
9953491005,new,934,421,bid,limit,10007,2
9954248768,cancel,908,,,,,
9955964739,new,935,38,ask,limit,10014,6
9958757069,new,936,355,ask,limit,10025,9
9964252447,new,937,283,ask,market,0,3
9966134586,new,938,43,bid,limit,10007,1
9966806453,cancel,748,,,,,
9970338097,new,939,136,bid,limit,10012,7
9971690230,cancel,813,,,,,
10008840156,new,940,198,bid,limit,10010,9
10009365567,cancel,896,,,,,
10011424828,new,941,431,ask,limit,10018,2
10025560755,cancel,391,,,,,
10043333378,cancel,747,,,,,
10065652804,cancel,938,,,,,
10073176222,cancel,627,,,,,
10079764256,cancel,542,,,,,
10088505053,cancel,749,,,,,
10090751526,new,942,293,bid,limit,10011,3
10095081025,new,943,259,ask,limit,10015,1
10098392518,new,944,239,ask,limit,10017,6
10099254273,cancel,845,,,,,
10100299275,new,945,444,ask,limit,10015,4
10103208380,new,946,409,ask,limit,10015,6
10108500699,new,947,394,ask,limit,10017,4
10121312072,new,948,67,ask,limit,10016,10
10121953675,new,949,211,bid,market,0,2
10123001623,new,950,328,bid,limit,9998,3
10123397590,new,951,126,ask,limit,10014,2
10123937716,new,952,322,bid,limit,10012,3
10129912499,new,953,306,bid,limit,10012,5
10152746104,new,954,126,ask,limit,10020,9
10158700401,new,955,34,bid,limit,10008,3
10159272103,new,956,131,bid,limit,10007,10
10159900983,new,957,117,bid,limit,10007,2
10172048438,new,958,86,bid,limit,10004,6
10175317577,cancel,777,,,,,
10182229888,cancel,800,,,,,
10194328110,new,959,132,ask,limit,10014,7
10201962348,cancel,911,,,,,
10218759204,new,960,80,bid,limit,10010,4
10221054973,new,961,247,bid,limit,10012,1
10238895855,new,962,274,ask,limit,10020,4
10241044283,cancel,264,,,,,
10245869347,new,963,102,bid,limit,10012,7
10254573777,new,964,495,bid,market,0,7
10261425980,new,965,80,bid,limit,10012,7
10265946909,cancel,375,,,,,
10272134961,new,966,391,bid,limit,10001,1
10272202837,cancel,812,,,,,
10275923839,new,967,114,ask,limit,10016,5
10284884367,cancel,689,,,,,
10292945373,cancel,778,,,,,
10295341473,cancel,780,,,,,
10319849504,cancel,910,,,,,
10322531292,cancel,959,,,,,
10324532239,cancel,905,,,,,
10332492483,cancel,669,,,,,
10333842885,cancel,892,,,,,
10352111518,new,968,14,bid,market,0,10
10353748222,cancel,862,,,,,
10373921959,new,969,266,bid,limit,10010,10
10374066045,new,970,261,bid,market,0,5
10376107138,cancel,965,,,,,
10389624743,cancel,790,,,,,
10392896868,cancel,739,,,,,
10402003323,new,971,162,ask,limit,10022,10
10422347613,new,972,491,bid,limit,10003,5
10424768820,cancel,567,,,,,
10439155524,new,973,46,ask,limit,10017,10
10452066004,new,974,192,ask,limit,10017,1
10453375424,new,975,95,ask,limit,10020,5
10456597349,new,976,250,bid,limit,9995,1
10471087891,new,977,250,bid,limit,10012,4
10473859681,new,978,291,bid,limit,10012,10
10481197485,new,979,84,bid,limit,10006,7
10482901271,cancel,104,,,,,
10489850338,cancel,762,,,,,
10500654168,new,980,130,ask,limit,10021,10
10507694398,cancel,948,,,,,
10510498216,new,981,269,bid,limit,10012,3
10514738019,cancel,738,,,,,
10516245891,cancel,721,,,,,
10537207812,new,982,494,ask,limit,10018,5
10542187190,new,983,278,ask,market,0,7
10549240325,cancel,876,,,,,
10554725868,new,984,297,ask,market,0,6
10564814976,new,985,498,bid,limit,10006,5
10571463142,new,986,348,bid,limit,10006,4
10576375972,new,987,286,bid,limit,10009,4
10580341808,new,988,336,bid,limit,10010,2
10589210813,new,989,206,ask,limit,10019,9
10593065748,cancel,612,,,,,
10594906941,cancel,727,,,,,
10614864560,cancel,967,,,,,
10614900152,new,990,393,bid,limit,10002,5
10620059453,new,991,488,ask,limit,10017,4
10625888097,new,992,342,ask,limit,10018,2
10628735596,cancel,979,,,,,
10630929379,new,993,104,ask,limit,10016,1
10640873463,new,994,196,ask,limit,10015,3
10645050702,new,995,234,ask,limit,10014,4
10649908735,new,996,461,bid,limit,10011,8
10669908526,cancel,919,,,,,
10674283954,new,997,208,ask,limit,10022,4
10680704918,new,998,370,ask,limit,10021,9
10681726822,new,999,218,bid,market,0,9
10682323406,cancel,931,,,,,
10697213584,new,1000,23,ask,limit,10014,2
10699566932,new,1001,27,ask,limit,10015,2
10704623150,new,1002,418,bid,limit,10011,10
10709527682,new,1003,382,ask,limit,10021,10
10721377325,cancel,982,,,,,
10752952722,new,1004,193,bid,limit,10012,1
10765913715,new,1005,499,bid,limit,10009,9
10781489024,new,1006,423,bid,limit,10009,4
10781682698,cancel,789,,,,,
10783693361,new,1007,416,ask,limit,10019,3
10784683331,new,1008,290,bid,limit,10001,5
10793413323,cancel,978,,,,,
10794301327,new,1009,428,bid,limit,10011,9
10813848933,cancel,666,,,,,
10814211051,new,1010,112,bid,limit,10008,9
10814677373,new,1011,81,ask,limit,10015,4
10824162141,cancel,888,,,,,
10837776231,cancel,854,,,,,
10846083048,new,1012,401,bid,limit,9992,6
10858098709,cancel,894,,,,,
10859076284,new,1013,95,ask,limit,10013,10
10864769768,cancel,687,,,,,
10869405153,cancel,985,,,,,
10870119751,cancel,917,,,,,
10877291984,cancel,318,,,,,
10885120137,new,1014,54,bid,limit,10012,3
10885742826,cancel,766,,,,,
10890314710,new,1015,242,bid,limit,10010,5
10892670826,cancel,767,,,,,
10894977626,cancel,913,,,,,
10897619841,cancel,378,,,,,
10898672369,new,1016,405,ask,limit,10015,3
10900541606,new,1017,128,bid,market,0,1
10905125596,cancel,997,,,,,
10914990782,new,1018,489,ask,limit,10027,10
10920686905,cancel,955,,,,,
10923334685,new,1019,175,bid,limit,10011,4
10934806762,new,1020,373,ask,limit,10013,6
10935906543,new,1021,153,bid,limit,10008,1
10940752678,new,1022,415,bid,limit,10000,3
10946872656,cancel,881,,,,,
10947437501,new,1023,268,ask,market,0,4
10948663776,new,1024,456,bid,limit,10010,4
10949513443,new,1025,228,ask,limit,10017,7
10950773403,new,1026,413,ask,market,0,4
10952646802,cancel,846,,,,,
10955599467,cancel,875,,,,,
10960687955,cancel,866,,,,,
10965102130,new,1027,16,ask,limit,10016,5
10968553814,new,1028,64,ask,limit,10015,10
10976722279,cancel,1021,,,,,
10994952301,cancel,517,,,,,
10997906819,new,1029,359,bid,limit,10006,6
10998890411,cancel,838,,,,,
11004071380,new,1030,211,bid,limit,10009,8
11004677718,new,1031,411,ask,limit,10015,8
11016765558,new,1032,457,ask,market,0,7
11018697287,cancel,1028,,,,,
11030059033,new,1033,43,ask,market,0,2
11044970955,cancel,805,,,,,
11046526671,cancel,895,,,,,
11061442012,cancel,703,,,,,
11067807669,cancel,1022,,,,,
11080075177,new,1034,384,bid,limit,10011,9
11086300764,new,1035,403,ask,limit,10014,10
11087607974,new,1036,333,bid,limit,10003,1
11098897446,cancel,409,,,,,
11099869014,new,1037,231,ask,limit,10030,2
11121392703,cancel,1002,,,,,
11125918956,cancel,811,,,,,
11132909333,cancel,536,,,,,
11133672617,new,1038,457,bid,limit,10007,4
11136880582,new,1039,114,bid,limit,10006,9
11150835295,cancel,728,,,,,
11158719435,new,1040,394,bid,limit,10008,5
11160959791,new,1041,220,ask,limit,10019,5
11164161605,new,1042,323,ask,limit,10018,8
11165547187,cancel,980,,,,,
11165666259,new,1043,239,ask,limit,10028,1
11166818335,cancel,1027,,,,,
11167064220,new,1044,437,bid,limit,10011,8
11176026665,new,1045,341,ask,limit,10014,2
11176480377,new,1046,178,bid,limit,10003,7
11179397102,cancel,878,,,,,
11183294431,cancel,927,,,,,
11186408655,new,1047,266,ask,limit,10015,7
11207583427,new,1048,258,bid,limit,10012,4
11211379789,cancel,851,,,,,
11223870402,new,1049,285,bid,limit,10007,1
11242744540,new,1050,3,bid,limit,10009,3
11248202987,new,1051,288,bid,market,0,2
11249962668,cancel,916,,,,,
11287268966,new,1052,24,ask,limit,10018,9
11292020168,new,1053,222,bid,limit,10010,1
11305770946,new,1054,124,ask,limit,10014,6
11309642838,new,1055,145,ask,limit,10017,4
11311987415,new,1056,249,ask,market,0,12
11316048193,cancel,640,,,,,
11318671619,new,1057,164,bid,limit,10008,3
11323843460,new,1058,196,bid,limit,10011,5
11323860131,cancel,1005,,,,,
11330654964,cancel,1046,,,,,
11332655008,new,1059,106,ask,limit,10023,6
11338554129,new,1060,231,ask,limit,10015,10
11347130331,new,1061,125,ask,limit,10018,8
11348339244,new,1062,427,ask,limit,10020,8
11352210610,new,1063,391,bid,limit,10007,10
11360994563,cancel,626,,,,,
11367795610,new,1064,479,bid,limit,10005,2
11375491513,cancel,1052,,,,,
11386342352,cancel,870,,,,,
11387259663,new,1065,21,bid,limit,10004,5
11405963397,new,1066,271,bid,market,0,3
11414011061,cancel,465,,,,,
11416955680,new,1067,187,bid,limit,10004,10
11434216386,cancel,795,,,,,
11437940814,new,1068,488,ask,limit,10015,10
11449567692,cancel,617,,,,,
11470321081,new,1069,472,bid,market,0,2
11472302268,new,1070,338,ask,limit,10026,6
11473398876,cancel,681,,,,,
11474241286,new,1071,344,ask,limit,10014,10
11481724334,new,1072,411,bid,limit,10011,2
11495053879,cancel,1012,,,,,
11498214341,new,1073,435,bid,market,0,5
11501399673,cancel,972,,,,,
11513108058,new,1074,19,bid,limit,10012,4
11516307907,new,1075,448,ask,limit,10014,10
11527847946,new,1076,20,ask,limit,10015,7
11534593501,new,1077,442,bid,limit,10003,7
11541018611,new,1078,340,ask,market,0,11
11562654528,cancel,976,,,,,
11564678151,cancel,746,,,,,
11577340490,cancel,791,,,,,
11585517051,new,1079,37,ask,limit,10024,6
11621791481,new,1080,415,ask,limit,10017,9
11626013499,new,1081,473,ask,limit,10017,10
11626090667,cancel,1020,,,,,
11630252165,new,1082,227,bid,limit,10012,9
11635756304,new,1083,420,ask,limit,10016,10
11637566586,new,1084,213,ask,limit,10033,8
11646636596,new,1085,252,ask,limit,10016,2
11650275565,cancel,204,,,,,
11652203694,new,1086,135,bid,limit,9999,9
11668062084,new,1087,360,bid,limit,10011,3
11671401098,new,1088,434,ask,limit,10025,5
11675030065,cancel,467,,,,,
11683855915,cancel,831,,,,,
11695799888,new,1089,347,ask,limit,10016,2
11698970215,new,1090,298,ask,limit,10021,7
11712245568,cancel,284,,,,,
11723167861,new,1091,239,bid,limit,10006,6
11731337463,new,1092,370,bid,limit,10012,9
11755476092,cancel,755,,,,,
11756071917,cancel,616,,,,,
11759463606,new,1093,107,bid,limit,10012,2
11765372067,cancel,710,,,,,
11767547484,new,1094,256,bid,limit,10007,2
11774172866,new,1095,234,ask,limit,10019,5
11783998061,cancel,258,,,,,
11788000895,cancel,602,,,,,
11792744970,new,1096,458,ask,limit,10019,1
11794895425,new,1097,27,ask,limit,10018,2
11809425143,new,1098,203,bid,limit,10013,2
11812295501,new,1099,331,bid,limit,10012,2
11836177770,new,1100,329,bid,market,0,10
11856669424,new,1101,51,bid,limit,9997,4
11866224116,new,1102,307,ask,market,0,3
11877885401,new,1103,425,bid,limit,10011,7
11885706505,cancel,535,,,,,
11886232818,new,1104,499,bid,market,0,8
11887333366,cancel,1062,,,,,
11895199716,cancel,918,,,,,
11898569711,new,1105,71,ask,limit,10020,10
11901335661,new,1106,80,bid,limit,10013,4
11906385503,new,1107,432,ask,limit,10014,1
11909928705,new,1108,252,ask,market,0,1
11916276447,new,1109,407,ask,limit,10019,7
11920231497,cancel,214,,,,,
11929885891,new,1110,188,bid,limit,10006,10
11940882190,cancel,1054,,,,,
11946970108,new,1111,282,ask,limit,10016,10
11947550930,new,1112,442,ask,limit,10030,3
11953876715,cancel,1107,,,,,
11955422943,cancel,990,,,,,
11961064183,new,1113,125,ask,limit,10017,3
11972975354,cancel,1097,,,,,
11982086640,new,1114,371,bid,limit,10010,2
11984004944,new,1115,329,bid,limit,10010,9
11987659486,new,1116,337,ask,limit,10016,8
11992038970,new,1117,46,ask,limit,10017,8
11999443520,cancel,850,,,,,
12009266762,new,1118,459,bid,limit,10010,2
12012211763,new,1119,237,ask,limit,10018,6
12015985614,new,1120,200,bid,limit,10012,6
12017471900,cancel,712,,,,,
12020693762,cancel,943,,,,,
12021537047,new,1121,498,bid,limit,10013,4
12021875262,new,1122,344,bid,limit,10012,5
12023761419,new,1123,337,ask,limit,10019,5
12026714755,new,1124,216,bid,market,0,9
12027755583,new,1125,489,bid,limit,10012,3
12045333372,new,1126,379,bid,limit,10009,2
12055516369,new,1127,97,ask,limit,10015,10
12062761590,new,1128,237,bid,limit,10012,6
12066531436,new,1129,247,bid,market,0,1
12074865837,cancel,960,,,,,
12079454354,cancel,988,,,,,
12091362638,new,1130,263,bid,limit,10012,6
12100920063,cancel,1044,,,,,
12105090989,cancel,1059,,,,,
12107676047,new,1131,500,ask,limit,10014,10
12110755474,cancel,509,,,,,
12112424143,cancel,932,,,,,
12117948649,cancel,1015,,,,,
12130603829,new,1132,56,bid,limit,10012,3
12130833301,new,1133,105,ask,limit,10027,1
12133750006,new,1134,163,bid,limit,10009,10
12152112083,cancel,873,,,,,
12152407125,cancel,1047,,,,,
12163335097,new,1135,63,ask,limit,10014,1
12170604772,cancel,1045,,,,,
12198014139,new,1136,325,bid,limit,10004,5
12202529597,cancel,690,,,,,
12210208991,new,1137,365,bid,limit,10012,9
12224388270,cancel,765,,,,,
12232176212,new,1138,401,ask,limit,10019,1
12232301939,new,1139,215,bid,limit,10013,1
12233279989,new,1140,237,bid,limit,10009,6
12236835650,new,1141,315,ask,limit,10017,4
12236931083,cancel,958,,,,,
12236995107,cancel,1081,,,,,
12239761400,new,1142,250,bid,limit,10006,1
12250324155,new,1143,64,ask,limit,10019,1
12251200297,new,1144,140,bid,limit,10013,9
12252216171,new,1145,43,ask,limit,10018,1
12258707140,new,1146,300,bid,limit,10009,4
12288514539,new,1147,470,bid,limit,10011,7
12289422083,new,1148,406,bid,limit,10010,9
12290338016,cancel,1071,,,,,
12295821458,new,1149,300,bid,limit,10012,5
12299983052,new,1150,353,ask,limit,10016,7
12302210722,new,1151,268,bid,limit,10013,4
12302671993,cancel,168,,,,,
12309092231,new,1152,9,ask,limit,10015,7
12313799317,cancel,839,,,,,
12325257606,cancel,761,,,,,
12327502932,cancel,714,,,,,
12330618317,cancel,793,,,,,
12342960091,cancel,954,,,,,
12353601099,cancel,855,,,,,
12365797878,cancel,847,,,,,
12374132715,cancel,1070,,,,,
12382579840,cancel,951,,,,,
12393567125,new,1153,162,ask,limit,10032,4
12396843752,new,1154,379,ask,limit,10018,10
12400209712,cancel,1106,,,,,
12404408102,new,1155,149,bid,limit,10008,1
12413342386,new,1156,252,ask,limit,10022,3
12417999635,new,1157,76,ask,limit,10020,3
12419187899,new,1158,110,bid,limit,10009,4
12420625054,cancel,1120,,,,,
12423323603,cancel,1091,,,,,
12452525800,new,1159,83,ask,market,0,7
12453143138,cancel,944,,,,,
12469914471,new,1160,92,bid,limit,10012,2
12471041362,new,1161,256,bid,limit,10011,4
12471560923,new,1162,15,ask,limit,10017,5
12473980651,cancel,884,,,,,
12474417301,new,1163,222,ask,limit,10021,2
12498599533,new,1164,75,ask,limit,10015,2
12502628667,new,1165,223,bid,limit,10010,8
12504456782,cancel,118,,,,,
12515233233,new,1166,43,bid,limit,10006,2
12528787497,cancel,946,,,,,
12534657721,cancel,902,,,,,
12536013032,cancel,844,,,,,
12538920210,new,1167,6,bid,limit,10011,3
12539780054,cancel,1164,,,,,
12540979275,new,1168,310,bid,limit,10003,10
12564684119,new,1169,369,ask,limit,10014,3
12565412738,new,1170,281,ask,limit,10014,7
12575983850,cancel,1110,,,,,
12578677259,cancel,897,,,,,
12581650552,new,1171,59,ask,limit,10014,6
12585111130,new,1172,422,ask,limit,10017,4
12588076986,cancel,1151,,,,,
12588607338,new,1173,174,ask,limit,10023,4
12589749826,cancel,1072,,,,,
12594006130,cancel,1024,,,,,
12594421171,new,1174,314,bid,limit,10013,1
12595985738,cancel,1085,,,,,
12603666933,new,1175,321,ask,limit,10021,5
12616011586,new,1176,305,bid,limit,10005,1
12621066016,cancel,558,,,,,
12633567125,new,1177,497,ask,limit,10018,10
12639499982,cancel,417,,,,,
12640692409,new,1178,265,ask,limit,10022,8
12641468509,cancel,1065,,,,,
12664244655,cancel,720,,,,,
12684988298,new,1179,215,bid,limit,10012,2
12694194756,new,1180,487,bid,limit,10007,8
12695330341,new,1181,89,bid,limit,10013,1
12707775985,cancel,827,,,,,
12719087085,new,1182,132,bid,limit,10010,1
12735225701,cancel,1030,,,,,
12742392999,new,1183,383,ask,market,0,10
12744442245,new,1184,196,ask,limit,10026,8
12744721576,cancel,1163,,,,,
12761560123,new,1185,144,ask,limit,10016,9
12762614178,new,1186,379,bid,limit,10011,7
12763104119,cancel,1160,,,,,
12777694974,cancel,1086,,,,,
12781117072,cancel,815,,,,,
12783688995,new,1187,115,bid,market,0,2
12791827889,new,1188,136,bid,market,0,6
12796032660,cancel,863,,,,,
12798446261,cancel,1178,,,,,
12830685652,new,1189,11,bid,limit,10014,3
12836704681,new,1190,301,bid,limit,10013,10
12839150910,new,1191,260,ask,limit,10024,10
12841810194,cancel,1075,,,,,
12859481392,cancel,679,,,,,
12873566879,new,1192,66,bid,limit,10004,7
12874426489,new,1193,260,ask,limit,10026,6
12877988481,new,1194,176,ask,limit,10025,4
12878768246,new,1195,54,bid,limit,10007,7
12879551376,cancel,500,,,,,
12884576032,new,1196,143,ask,market,0,2
12890307761,new,1197,124,ask,limit,10021,7
12905831076,new,1198,158,ask,limit,10018,2
12921248557,new,1199,472,bid,market,0,8
12929030006,new,1200,294,ask,limit,10019,10
12939778363,cancel,828,,,,,
12940248384,new,1201,85,ask,limit,10021,9
12947817491,new,1202,450,ask,limit,10019,3
12947954412,new,1203,191,bid,limit,10015,6
12960079593,new,1204,70,ask,limit,10025,3
12960466695,new,1205,127,ask,limit,10018,10
12978600298,cancel,1006,,,,,
12985416012,cancel,921,,,,,
12990439373,new,1206,359,bid,market,0,1
12993124453,new,1207,25,ask,limit,10019,6
13006529828,new,1208,311,ask,market,0,12
13010300514,new,1209,271,ask,limit,10019,6
13017989587,new,1210,188,bid,market,0,5
13025926855,new,1211,217,bid,limit,10007,1
13031408592,new,1212,289,ask,limit,10018,9
13037710042,cancel,1058,,,,,
13038144853,cancel,430,,,,,
13039058084,cancel,1157,,,,,
13040591186,new,1213,160,bid,limit,10014,10
13058619563,new,1214,485,ask,limit,10021,1
13070876720,new,1215,342,bid,limit,10014,4
13076018445,new,1216,484,ask,limit,10023,4
13077092821,new,1217,87,bid,limit,10008,10
13080767017,cancel,1176,,,,,
13086247326,new,1218,285,bid,limit,10015,10
13095989017,new,1219,429,bid,limit,10009,10
13100732257,new,1220,252,bid,market,0,2
13115589687,new,1221,138,bid,limit,10008,4
13125250912,new,1222,378,bid,limit,10014,10
13140584087,new,1223,461,bid,limit,10016,10
13144003550,new,1224,242,ask,limit,10020,8
13145648924,cancel,389,,,,,
13147271330,cancel,1126,,,,,
13152914290,cancel,550,,,,,
13153541075,new,1225,445,bid,limit,10002,8
13164463365,new,1226,93,ask,limit,10021,6
13176563119,cancel,821,,,,,
13186499828,new,1227,463,ask,limit,10020,8
13186945035,new,1228,62,ask,limit,10020,1
13194648833,cancel,680,,,,,
13202773006,new,1229,493,bid,limit,10010,6
13205445120,new,1230,465,bid,limit,10012,1
13223126553,new,1231,417,bid,limit,10014,9
13231451133,new,1232,156,ask,limit,10025,8
13261046812,new,1233,17,bid,limit,10014,8
13268702997,new,1234,89,ask,limit,10021,10
13273406337,cancel,969,,,,,
13278519430,new,1235,350,bid,limit,10015,8
13283524231,new,1236,413,bid,limit,10009,9
13291761185,cancel,415,,,,,
13293954264,new,1237,394,ask,limit,10017,4
13304779739,cancel,1053,,,,,
13309862506,new,1238,296,ask,limit,10024,9
13322918864,cancel,1089,,,,,
13337921608,new,1239,41,bid,limit,10012,7
13346302131,cancel,822,,,,,
13346434051,new,1240,20,bid,market,0,6
13351927797,new,1241,193,ask,limit,10029,4
13367371156,cancel,994,,,,,
13376517044,new,1242,380,bid,limit,10012,8
13379570449,cancel,882,,,,,
13383282862,cancel,1011,,,,,
13388510523,cancel,1153,,,,,
13395932780,cancel,1185,,,,,
13397710604,new,1243,338,bid,market,0,5
13399893293,new,1244,435,bid,limit,10014,2
13403759100,new,1245,106,bid,market,0,2
13403808937,cancel,1205,,,,,
13404297385,cancel,1036,,,,,
13408044587,new,1246,53,bid,limit,10010,2
13416614932,cancel,832,,,,,
13418547419,cancel,1216,,,,,
13419183865,cancel,987,,,,,
13430652421,cancel,1180,,,,,
13434438628,new,1247,109,bid,limit,10012,2
13436946730,new,1248,488,ask,limit,10016,5
13452129957,new,1249,388,bid,limit,10013,5
13452510858,new,1250,137,ask,limit,10042,6
13456207898,new,1251,348,bid,market,0,2
13465163911,new,1252,479,bid,limit,10013,9
13475779438,new,1253,406,ask,limit,10016,4
13476559578,cancel,929,,,,,
13483459577,cancel,1224,,,,,
13484905390,cancel,1083,,,,,
13485220512,cancel,652,,,,,
13492356790,cancel,941,,,,,
13493918588,new,1254,96,bid,limit,10006,9
13496050826,new,1255,191,ask,limit,10018,2
13497874796,new,1256,96,ask,limit,10016,4
13505715333,new,1257,151,bid,limit,10012,7
13513590363,new,1258,101,ask,limit,10022,1
13515955108,new,1259,47,ask,limit,10024,6
13517256243,new,1260,244,bid,limit,10013,2
13517646850,new,1261,280,ask,limit,10020,5
13522995570,new,1262,387,bid,limit,10014,9
13528553040,new,1263,116,ask,limit,10020,1
13546027186,cancel,1016,,,,,
13550117226,cancel,1082,,,,,
13551684142,new,1264,40,bid,limit,10012,3
13552210313,cancel,1143,,,,,
13572153404,cancel,1103,,,,,
13583311234,new,1265,92,bid,limit,10008,6
13596300418,cancel,1161,,,,,
13598477815,new,1266,392,ask,limit,10026,9
13601519685,new,1267,50,ask,limit,10017,7
13602302949,cancel,1264,,,,,
13607906746,new,1268,51,ask,limit,10016,6
13612150097,cancel,1130,,,,,
13612316054,new,1269,358,bid,limit,10014,10
13614439594,cancel,1217,,,,,
13619105161,new,1270,129,ask,limit,10027,6
13626845871,cancel,1088,,,,,
13628671215,new,1271,480,ask,limit,10016,5
13631690135,new,1272,57,ask,limit,10022,1
13633516830,cancel,974,,,,,
13636288462,cancel,1063,,,,,
13640662824,new,1273,457,ask,limit,10022,1
13644822789,cancel,1271,,,,,
13648200756,new,1274,396,ask,limit,10018,3
13651162834,cancel,1040,,,,,
13655821325,cancel,1146,,,,,
13664428904,new,1275,498,ask,limit,10017,1
13676515012,new,1276,101,bid,limit,10014,6
13681649423,new,1277,270,bid,limit,10000,9
13684480767,new,1278,439,ask,limit,10029,4
13690738239,new,1279,464,ask,limit,10018,10
13695768634,cancel,644,,,,,
13699383345,new,1280,180,bid,market,0,6
13700699810,new,1281,272,ask,limit,10019,8
13701492350,new,1282,304,ask,market,0,2
13709824253,new,1283,366,ask,limit,10016,2
13711735614,cancel,1233,,,,,
13719591465,cancel,1109,,,,,
13722480516,cancel,1145,,,,,
13724433490,new,1284,222,ask,limit,10016,5
13728172380,new,1285,208,bid,limit,10006,10
13733782666,new,1286,122,bid,limit,10012,1
13735458702,cancel,1137,,,,,
13744723553,cancel,1084,,,,,
13770580758,new,1287,443,bid,limit,10002,1
13786906995,cancel,971,,,,,
13790467472,cancel,684,,,,,
13796538767,new,1288,106,bid,limit,10012,9
13803273662,new,1289,344,ask,limit,10023,3
13804374118,cancel,1191,,,,,
13808468339,new,1290,206,bid,limit,10008,9
13808567191,new,1291,453,bid,limit,10011,1
13808987918,cancel,1142,,,,,
13816093164,cancel,1077,,,,,
13829405412,new,1292,101,bid,limit,10009,7
13837267170,new,1293,339,bid,limit,10014,5
13840819711,new,1294,357,ask,limit,10019,1
13842554526,cancel,1095,,,,,
13842988763,new,1295,457,ask,limit,10019,4
13844198158,cancel,1230,,,,,
13855648543,new,1296,382,ask,limit,10016,10
13861333596,cancel,1283,,,,,
13861660944,new,1297,127,bid,limit,10012,6
13882216818,new,1298,195,bid,limit,10009,2
13895511257,new,1299,256,ask,limit,10016,9
13897093774,new,1300,339,bid,market,0,4
13899449135,new,1301,138,bid,limit,10009,8
13900533318,cancel,1297,,,,,
13904607431,new,1302,369,ask,limit,10018,3
13922947308,new,1303,192,ask,limit,10021,7
13929375377,cancel,1231,,,,,
13931137489,cancel,956,,,,,
13939385420,new,1304,237,bid,limit,10013,3
13942259253,new,1305,212,bid,limit,10011,3
13945309585,new,1306,165,ask,limit,10020,5
13961494764,new,1307,76,bid,limit,10011,9
13964405189,cancel,1147,,,,,
13976697759,new,1308,3,bid,limit,10015,3
13980338140,cancel,1270,,,,,
13983257778,cancel,1261,,,,,
13987874647,new,1309,416,bid,limit,10013,8
13994336787,cancel,1266,,,,,
14008853489,cancel,1038,,,,,
14010854037,new,1310,483,ask,market,0,6
14033556034,new,1311,159,bid,limit,10000,5
14039105771,new,1312,483,ask,limit,10017,2
14045154620,cancel,701,,,,,
14056209762,cancel,1049,,,,,
14058560481,cancel,1269,,,,,
14063064972,cancel,1182,,,,,
14064034569,cancel,1192,,,,,
14079434037,cancel,1055,,,,,
14082662764,cancel,1225,,,,,
14087399244,new,1313,120,ask,limit,10023,9
14098128222,new,1314,69,ask,limit,10036,6
14110992971,new,1315,273,bid,limit,10010,10
14139657784,cancel,1294,,,,,
14142976924,cancel,957,,,,,
14173289456,cancel,973,,,,,
14177823527,cancel,1228,,,,,
14181185661,new,1316,210,bid,limit,10013,1
14182995242,cancel,860,,,,,
14185961545,new,1317,71,bid,limit,10006,5
14193989049,new,1318,201,bid,limit,10015,9
14202116133,cancel,785,,,,,
14227098264,cancel,1317,,,,,
14232321879,cancel,1200,,,,,
14235257600,new,1319,257,bid,limit,10003,6
14238986875,cancel,1039,,,,,
14250114875,new,1320,57,ask,limit,10018,8
14251567464,new,1321,333,bid,limit,10014,3
14262815512,new,1322,486,ask,limit,10017,10
14270172832,new,1323,453,ask,limit,10018,2
14273713877,cancel,221,,,,,
14276957300,new,1324,199,ask,limit,10019,8
14310964177,cancel,442,,,,,
14313452581,new,1325,339,bid,limit,10013,2
14315460570,new,1326,337,bid,market,0,5
14323392222,cancel,1315,,,,,
14326310340,new,1327,477,bid,market,0,1
14333303260,new,1328,246,bid,limit,10012,6
14334145915,new,1329,36,ask,limit,10018,10
14339613862,cancel,1314,,,,,
14343366951,new,1330,284,ask,limit,10034,9
14344646934,new,1331,102,ask,limit,10022,8
14344800642,cancel,1156,,,,,
14356680998,new,1332,191,ask,limit,10022,6
14376372374,cancel,1128,,,,,
14383601891,new,1333,407,ask,limit,10023,6
14390099601,new,1334,446,bid,limit,10012,6
14398659430,new,1335,245,ask,limit,10018,4
14408990962,cancel,1119,,,,,
14416493708,cancel,856,,,,,
14430290825,new,1336,114,bid,limit,10012,6
14433151757,new,1337,245,bid,limit,10012,4
14435173558,new,1338,328,bid,limit,10012,3
14437663205,cancel,1158,,,,,
14441839887,cancel,1263,,,,,
14456458878,cancel,1087,,,,,
14463925365,new,1339,321,ask,limit,10025,10
14465305217,new,1340,17,ask,limit,10020,6
14471641887,new,1341,488,ask,limit,10019,5
14484823098,cancel,163,,,,,
14516606866,new,1342,262,ask,limit,10017,2
14525181328,new,1343,60,ask,limit,10026,9
14534920271,new,1344,357,ask,market,0,12
14535276854,new,1345,345,bid,limit,10000,4
14538703426,new,1346,31,ask,limit,10017,4
14552416247,new,1347,324,ask,limit,10019,9
14552567974,new,1348,297,ask,limit,10020,4
14552841806,cancel,801,,,,,
14555801355,cancel,903,,,,,
14561894745,new,1349,411,bid,market,0,7
14563472769,cancel,308,,,,,
14569569988,cancel,1117,,,,,
14572689935,cancel,1311,,,,,
14578508895,new,1350,282,ask,limit,10021,9
14590492323,new,1351,458,bid,limit,10011,10
14591026922,cancel,1122,,,,,
14602714124,new,1352,18,ask,limit,10026,5
14612300833,cancel,540,,,,,
14616346675,new,1353,81,bid,limit,10016,4
14617851181,cancel,1299,,,,,
14629819738,new,1354,491,bid,market,0,4
14634851555,cancel,1307,,,,,
14642404912,new,1355,245,ask,limit,10024,6
14667387350,new,1356,289,ask,limit,10029,1
14678283364,new,1357,290,bid,limit,10003,9
14683786264,cancel,1335,,,,,
14691392772,new,1358,213,bid,limit,10004,10
14695922804,cancel,1252,,,,,
14704773079,cancel,936,,,,,
14714353748,cancel,1340,,,,,
14727564978,new,1359,185,bid,limit,10009,3
14734078396,new,1360,448,ask,limit,10017,7
14734533832,new,1361,38,bid,limit,10015,9
14740289051,cancel,686,,,,,
14747132364,cancel,1101,,,,,
14750818594,new,1362,90,bid,market,0,2
14762777583,new,1363,369,bid,limit,10010,7
14774111517,cancel,1330,,,,,
14788390899,new,1364,406,bid,limit,10006,9
14791263608,cancel,1236,,,,,
14791726327,cancel,1003,,,,,
14793871138,new,1365,389,ask,limit,10019,9
14800733227,new,1366,375,bid,limit,10013,10
14801881602,new,1367,188,ask,limit,10017,5
14806246248,cancel,1184,,,,,
14819633084,cancel,1179,,,,,
14826676230,new,1368,149,ask,limit,10017,6
14843858042,new,1369,255,ask,limit,10016,8
14846232075,new,1370,95,ask,limit,10017,8
14849567053,new,1371,481,bid,limit,10004,1
14857368593,new,1372,30,ask,limit,10025,9
14857568067,cancel,797,,,,,
14866875306,new,1373,139,bid,limit,10012,10
14868621714,new,1374,340,bid,limit,10008,5
14872896965,new,1375,224,bid,limit,10011,1
14885136731,new,1376,307,ask,limit,10020,4
14889803803,new,1377,358,bid,limit,10011,4
14891520030,cancel,1359,,,,,
14891837098,cancel,907,,,,,
14892718796,cancel,1249,,,,,
14896766761,new,1378,292,ask,limit,10027,4
14900611021,new,1379,66,ask,market,0,8
14911620913,new,1380,35,ask,limit,10017,4
14916119264,cancel,1115,,,,,
14933205672,new,1381,224,ask,limit,10016,7
14955216762,cancel,1285,,,,,
14957184655,new,1382,250,ask,limit,10019,2
14966167641,new,1383,134,ask,limit,10017,8
14981722785,cancel,1288,,,,,
14985899063,cancel,1212,,,,,
14989589054,new,1384,435,bid,limit,10015,4
14995619609,new,1385,242,ask,limit,10020,6
15000248439,cancel,1148,,,,,
15000410642,new,1386,493,bid,market,0,9
15003631177,cancel,1195,,,,,
15007785180,new,1387,28,ask,limit,10016,3
15013511981,new,1388,300,ask,limit,10027,7
15026496403,new,1389,375,ask,limit,10022,8
15029393262,new,1390,189,ask,limit,10021,1
15037942164,new,1391,75,bid,limit,10014,4
15039424730,new,1392,495,ask,limit,10017,3
15057419029,cancel,1381,,,,,
15065319632,cancel,1134,,,,,
15065609134,new,1393,53,ask,limit,10025,3
15070703536,cancel,1304,,,,,
15079578369,new,1394,217,ask,limit,10025,9
15080725158,cancel,440,,,,,
15081433097,cancel,1351,,,,,
15083876262,cancel,316,,,,,
15093636459,new,1395,413,bid,limit,10008,7
15099890096,new,1396,146,ask,limit,10048,6
15106099367,new,1397,123,bid,limit,10015,7
15107181327,cancel,1339,,,,,
15131738688,cancel,1132,,,,,
15134832131,cancel,1125,,,,,
15138310823,new,1398,495,ask,limit,10018,4
15139831302,new,1399,451,ask,limit,10021,7
15142122301,new,1400,218,bid,market,0,8
15142338325,new,1401,435,ask,limit,10022,7
15148451595,cancel,1193,,,,,
15151377799,cancel,991,,,,,
15155397889,new,1402,84,ask,limit,10020,2
15157665709,cancel,950,,,,,
15158139243,cancel,1388,,,,,
15160207594,new,1403,241,bid,limit,10011,8
15164879115,new,1404,259,bid,limit,10015,2
15165411408,new,1405,47,ask,limit,10018,4
15166882917,cancel,770,,,,,
15178154163,cancel,998,,,,,
15192175394,new,1406,464,bid,limit,10001,8
15193691982,cancel,992,,,,,
15199830633,cancel,1333,,,,,
15210004108,new,1407,469,ask,limit,10020,3
15225542057,new,1408,185,ask,market,0,1
15232312482,new,1409,245,bid,limit,10016,7
15245518927,cancel,1355,,,,,
15246287109,cancel,1242,,,,,
15269001928,new,1410,118,bid,market,0,3
15272790866,new,1411,325,ask,limit,10020,2
15301455138,new,1412,187,ask,limit,10021,7
15313476285,cancel,1291,,,,,
15318809058,new,1413,120,bid,limit,10017,1
15323994396,cancel,1399,,,,,
15326290247,new,1414,360,ask,limit,10018,3
15337265017,new,1415,72,ask,limit,10020,3
15338432995,new,1416,45,bid,limit,10012,1
15342002754,cancel,1346,,,,,
15349723605,cancel,1365,,,,,
15366654677,cancel,744,,,,,
15383524435,new,1417,71,ask,limit,10018,3
15386575717,cancel,1238,,,,,
15393791858,new,1418,116,bid,limit,10014,3
15403945317,new,1419,393,ask,limit,10022,4
15406736380,cancel,1289,,,,,
15414849748,cancel,1198,,,,,
15417579948,new,1420,126,bid,limit,10016,2
15422348669,cancel,947,,,,,
15426957506,new,1421,466,bid,limit,10011,8
15436342486,new,1422,423,bid,limit,10016,5
15444686105,cancel,1313,,,,,
15446516063,new,1423,295,bid,limit,10014,7
15449556574,new,1424,197,ask,limit,10020,7
15450426116,cancel,1374,,,,,
15466479740,new,1425,313,ask,limit,10019,9
15468895463,new,1426,245,bid,limit,10010,8
15469563797,cancel,1348,,,,,
15476387504,new,1427,461,ask,limit,10018,8
15490635480,new,1428,251,ask,limit,10019,10
15492754777,new,1429,430,bid,limit,10017,3
15494719971,new,1430,260,ask,limit,10020,9
15496206363,new,1431,288,ask,limit,10050,9
15500851670,new,1432,232,bid,limit,10013,7
15500977019,new,1433,404,ask,limit,10041,3
15504722393,new,1434,294,bid,limit,10012,8
15514276901,new,1435,349,bid,limit,10009,3
15515357752,new,1436,358,bid,limit,10002,10
15528164539,new,1437,64,bid,limit,10015,10
15532779773,cancel,1141,,,,,
15550790183,cancel,926,,,,,
15550843161,cancel,1250,,,,,
15567902740,new,1438,49,ask,limit,10023,6
15568732073,cancel,724,,,,,
15574062019,new,1439,460,bid,limit,10012,5
15578412098,new,1440,405,ask,limit,10022,2
15585929939,new,1441,16,bid,limit,10014,6
15586305572,new,1442,344,bid,limit,10015,10
15594511832,new,1443,196,ask,limit,10027,10
15596573389,new,1444,272,bid,limit,10013,9
15600162245,new,1445,154,ask,market,0,9
15600553916,new,1446,41,bid,limit,10017,9
15610638543,new,1447,476,bid,limit,10017,8
15613029955,new,1448,353,ask,limit,10019,4
15613231115,new,1449,2,bid,limit,10015,3
15615944786,new,1450,199,bid,limit,10016,4
15618101675,cancel,1385,,,,,
15621242218,cancel,1303,,,,,
15636419216,new,1451,269,ask,limit,10029,4
15638900969,cancel,1067,,,,,
15642431946,cancel,1295,,,,,
15655327501,new,1452,359,ask,limit,10020,4
15673513920,cancel,781,,,,,
15677753406,new,1453,369,ask,market,0,12
15680664767,cancel,1207,,,,,
15686526157,cancel,1440,,,,,
15687591206,new,1454,474,bid,limit,10014,1
15690079961,cancel,1287,,,,,
15693169750,cancel,1363,,,,,
15695984691,new,1455,277,bid,limit,10018,1
15707900105,new,1456,295,bid,limit,10009,4
15717659217,cancel,940,,,,,
15738169390,new,1457,90,ask,limit,10018,6
15742628223,new,1458,310,ask,limit,10021,7
15744418182,cancel,1064,,,,,
15769572890,cancel,1345,,,,,
15773360113,new,1459,357,bid,limit,10010,5
15780445001,cancel,1438,,,,,
15784253327,cancel,1329,,,,,
15790614937,cancel,1093,,,,,
15791592983,new,1460,124,bid,limit,10013,6
15794951932,new,1461,142,bid,limit,10011,7
15795889302,new,1462,421,ask,limit,10019,1
15796789582,new,1463,440,bid,limit,10006,5
15797857087,new,1464,78,bid,market,0,11
15803242420,new,1465,410,ask,limit,10031,8
15804403760,cancel,1398,,,,,
15806688290,new,1466,152,ask,limit,10019,7
15808144328,cancel,1155,,,,,
15813577274,new,1467,223,ask,limit,10025,9
15832760296,cancel,1463,,,,,
15838916154,cancel,1007,,,,,
15840801195,new,1468,111,ask,limit,10028,1
15849756624,new,1469,348,ask,limit,10021,2
15882242518,cancel,472,,,,,
15890368303,new,1470,330,ask,limit,10022,2
15905934680,cancel,1441,,,,,
15912596742,cancel,1227,,,,,
15912818475,cancel,1371,,,,,
15922150861,cancel,1378,,,,,
15924070556,new,1471,447,bid,limit,10015,4
15927403409,cancel,1347,,,,,
15931917102,cancel,1175,,,,,
15945722231,cancel,928,,,,,
15947112155,new,1472,365,ask,limit,10020,6
15947985407,new,1473,39,ask,limit,10026,10
15953418344,new,1474,154,ask,limit,10024,1
15957103042,new,1475,287,bid,limit,10014,7
15964251090,new,1476,196,bid,limit,10016,9
15996075623,cancel,1273,,,,,
16007207096,cancel,1415,,,,,
16010810855,cancel,1435,,,,,
16022582746,cancel,1403,,,,,
16023570643,new,1477,435,ask,limit,10023,9
16038714636,cancel,1428,,,,,
16054323066,new,1478,223,ask,limit,10031,7
16060461291,new,1479,384,ask,limit,10027,1
16090111732,cancel,1324,,,,,
16098862703,cancel,1138,,,,,
16110697535,cancel,1202,,,,,
16123087901,cancel,1267,,,,,
16129497483,cancel,1316,,,,,
16133535569,cancel,1342,,,,,
16138980304,new,1480,354,ask,limit,10022,5
16142277055,cancel,1197,,,,,
16157573215,cancel,1372,,,,,
16169204150,new,1481,493,bid,limit,10015,3
16195493718,new,1482,126,ask,limit,10026,3
16202349435,cancel,1105,,,,,
16209559430,cancel,1391,,,,,
16218488381,cancel,1338,,,,,
16227258323,new,1483,277,ask,limit,10022,1
16233118133,new,1484,456,bid,limit,10017,10
16238736795,new,1485,191,bid,limit,9990,3
16241881649,new,1486,56,bid,limit,10011,8
16246038520,new,1487,182,bid,limit,10015,5
16252617399,new,1488,50,ask,limit,10019,5
16255389941,cancel,775,,,,,
16255949092,cancel,1099,,,,,
16257276325,new,1489,382,bid,limit,10014,3
16257866107,cancel,1257,,,,,
16262514219,cancel,1470,,,,,
16268451282,cancel,1037,,,,,
16269357544,new,1490,197,bid,market,0,9
16270394416,new,1491,460,bid,limit,10015,8
16276440686,new,1492,331,ask,limit,10027,1
16279258193,new,1493,428,ask,limit,10022,4
16281551909,cancel,1460,,,,,
16297226141,new,1494,269,bid,limit,10005,3
16301384100,new,1495,54,ask,limit,10025,2
16304939215,new,1496,27,bid,limit,10014,5
16310790277,new,1497,421,ask,limit,10044,9
16313233380,new,1498,99,ask,limit,10022,6
16314507066,cancel,1416,,,,,
16322275434,cancel,1493,,,,,
16328905873,cancel,1482,,,,,
16332372562,new,1499,462,ask,limit,10021,10
16340510561,new,1500,317,ask,limit,10022,10
16345048984,new,1501,377,bid,limit,10018,8
16360248660,cancel,1364,,,,,
16361451065,cancel,906,,,,,
16370090939,new,1502,167,ask,limit,10026,1
16375385179,cancel,1286,,,,,
16378711148,new,1503,386,ask,limit,10041,4
16382625573,cancel,1312,,,,,
16385190672,cancel,1376,,,,,
16390494415,new,1504,489,ask,limit,10022,3
16391394136,new,1505,455,ask,limit,10025,3
16393410974,cancel,1302,,,,,
16394096336,cancel,1325,,,,,
16405253220,new,1506,398,ask,limit,10032,8
16405461508,new,1507,478,bid,limit,10015,8
16414687328,new,1508,418,bid,limit,10016,6
16418461937,new,1509,332,bid,limit,10015,6
16423942450,new,1510,436,bid,limit,10014,9
16450966710,new,1511,341,ask,limit,10035,7
16453372156,cancel,1382,,,,,
16457768247,cancel,1043,,,,,
16463003994,cancel,412,,,,,
16468637082,new,1512,54,bid,market,0,4
16487520069,new,1513,350,ask,limit,10019,9
16497244889,cancel,1467,,,,,
16509302002,new,1514,469,bid,limit,10018,1
16509707358,new,1515,84,ask,limit,10019,7
16510122241,new,1516,28,ask,limit,10020,1
16518089993,new,1517,63,bid,limit,10014,5
16520737036,cancel,923,,,,,
16521997613,new,1518,89,bid,limit,10016,5
16527952025,new,1519,479,ask,market,0,8
16530769001,cancel,1328,,,,,
16535310072,cancel,1229,,,,,
16540125395,new,1520,176,bid,limit,10002,4
16545811872,new,1521,207,ask,limit,10024,1
16548011779,cancel,1010,,,,,
16553760484,cancel,1259,,,,,
16556528205,new,1522,136,bid,limit,10010,4
16593616244,cancel,1495,,,,,
16595198275,cancel,1443,,,,,
16616776885,new,1523,117,bid,limit,10014,9
16632393546,cancel,989,,,,,
16636067013,new,1524,19,ask,limit,10028,10
16637617921,cancel,1079,,,,,
16663049587,new,1525,266,ask,limit,10021,1
16665028190,cancel,1239,,,,,
16671290059,new,1526,139,ask,limit,10020,1
16683616010,cancel,930,,,,,
16697727525,cancel,1489,,,,,
16698363977,cancel,1165,,,,,
16700890659,cancel,1050,,,,,
16716329888,cancel,1258,,,,,
16722614942,new,1527,495,bid,limit,10017,4
16726694880,cancel,277,,,,,
16734172630,new,1528,446,ask,limit,10019,1
16743992105,cancel,1366,,,,,
16747838024,new,1529,128,ask,limit,10022,3
16752382901,cancel,1034,,,,,
16755914496,new,1530,83,bid,limit,10017,4
16759489004,new,1531,251,bid,limit,10018,9
16771294336,cancel,639,,,,,
16771914712,new,1532,350,ask,limit,10031,2
16783553492,new,1533,239,bid,limit,10014,9
16787510040,new,1534,266,ask,limit,10020,2
16789089815,new,1535,447,ask,limit,10021,4
16805206913,cancel,1418,,,,,
16810358680,cancel,1506,,,,,
16813556341,new,1536,108,ask,limit,10019,4
16815194860,cancel,1524,,,,,
16817219223,new,1537,141,ask,limit,10027,9
16825884482,new,1538,495,bid,limit,10016,8
16840151910,new,1539,68,ask,limit,10030,8
16850995113,new,1540,272,bid,limit,10017,10
16870521478,cancel,1219,,,,,
16871848946,cancel,199,,,,,
16873637638,cancel,1414,,,,,
16880256359,cancel,1281,,,,,
16880870110,cancel,699,,,,,
16893655452,cancel,1168,,,,,
16897270096,cancel,1436,,,,,
16900434995,cancel,1186,,,,,
16910438172,new,1541,68,bid,limit,10018,4
16916893271,new,1542,74,ask,limit,10024,7
16923474350,new,1543,217,ask,limit,10020,4
16928261164,new,1544,298,bid,limit,10012,6
16939496710,new,1545,100,bid,limit,10013,6
16953369849,new,1546,247,ask,limit,10023,1
16961466154,new,1547,479,bid,limit,10016,8
16961565693,cancel,1254,,,,,
16966423244,new,1548,174,bid,limit,10017,5
16969730879,new,1549,231,ask,limit,10024,7
16989813279,new,1550,12,bid,limit,10009,5
17003685514,new,1551,42,ask,limit,10027,5
17010466446,cancel,1112,,,,,
17035892527,new,1552,401,ask,limit,10029,2
17039413730,new,1553,459,ask,limit,10024,2
17041351549,cancel,1551,,,,,
17044372894,new,1554,352,bid,market,0,10
17054496253,new,1555,475,bid,limit,10010,1
17057180209,new,1556,413,ask,limit,10024,8
17062268313,cancel,1539,,,,,
17074642849,new,1557,321,ask,limit,10018,3
17075527653,cancel,1375,,,,,
17076511367,new,1558,134,ask,limit,10021,7
17083762885,cancel,1272,,,,,
17092864689,new,1559,327,ask,limit,10020,1
17102827471,cancel,1544,,,,,
17109006397,cancel,1426,,,,,
17120678937,new,1560,308,bid,limit,10017,2
17128924532,cancel,1140,,,,,
17130162076,cancel,1513,,,,,
17139196284,new,1561,87,bid,limit,10010,1
17147865207,cancel,1412,,,,,
17164533474,new,1562,223,bid,market,0,12
17165153907,new,1563,344,ask,limit,10030,7
17193209965,new,1564,209,bid,limit,10011,8
17196057422,new,1565,170,bid,limit,10003,5
17209800361,new,1566,354,ask,limit,10030,10
17213859190,new,1567,286,ask,limit,10027,9
17224450469,cancel,563,,,,,
17227125871,new,1568,206,ask,limit,10022,3
17227680291,cancel,966,,,,,
17234360101,new,1569,315,ask,limit,10020,1
17249344695,cancel,1392,,,,,
17256511828,new,1570,111,ask,limit,10022,2
17287073827,new,1571,126,ask,limit,10032,5
17293688303,new,1572,238,bid,limit,10017,5
17308672217,new,1573,85,ask,limit,10019,1
17326597068,new,1574,3,bid,limit,10000,5
17347107142,new,1575,187,bid,limit,10008,3
17348574874,new,1576,199,ask,limit,10019,7
17350864508,cancel,1465,,,,,
17353698968,cancel,769,,,,,
17356598182,new,1577,284,ask,limit,10026,7
17360613805,cancel,1350,,,,,
17367377419,new,1578,452,ask,limit,10025,9
17372769918,new,1579,364,bid,limit,10015,3
17375631193,new,1580,273,ask,limit,10025,10
17378294569,cancel,1406,,,,,
17391961374,new,1581,19,bid,limit,10014,1
17396972330,cancel,1321,,,,,
17398596584,new,1582,422,bid,limit,10010,1
17404009579,cancel,1434,,,,,
17416343908,new,1583,24,bid,limit,10016,8
17420832183,cancel,1499,,,,,
17421271312,cancel,1277,,,,,
17427945414,cancel,1358,,,,,
17433805427,new,1584,470,bid,limit,10011,4
17436096241,new,1585,479,ask,limit,10020,3
17444896477,new,1586,266,bid,limit,10014,1
17451764560,cancel,1149,,,,,
17454535980,cancel,1526,,,,,
17469061595,new,1587,469,bid,market,0,6
17478712094,new,1588,282,ask,limit,10021,2
17480813671,new,1589,255,ask,limit,10020,4
17484159846,new,1590,388,ask,limit,10019,10
17488630477,new,1591,20,ask,limit,10037,8
17488998437,new,1592,152,ask,market,0,4
17502275264,new,1593,314,ask,limit,10020,1
17516393044,new,1594,8,bid,limit,10006,5
17518897180,cancel,1301,,,,,
17521574805,new,1595,350,ask,limit,10019,3
17524873161,new,1596,5,bid,limit,10007,7
17540268098,cancel,1383,,,,,
17564444254,new,1597,179,bid,limit,10018,8
17564870554,new,1598,3,ask,limit,10023,7
17567415151,new,1599,45,bid,market,0,10
17575934934,new,1600,48,bid,limit,10002,2
17576768539,new,1601,194,bid,limit,10015,2
17577878195,cancel,1515,,,,,
17581722933,cancel,1483,,,,,
17585034289,cancel,1173,,,,,
17594954428,new,1602,91,ask,limit,10024,2
17595910726,new,1603,392,bid,limit,10017,9
17597663605,new,1604,383,bid,limit,10018,4
17598596536,cancel,1574,,,,,
17599634940,cancel,1204,,,,,
17604144256,new,1605,146,ask,limit,10037,5
17611576013,new,1606,390,bid,limit,10018,7
17612080676,cancel,986,,,,,
17618548063,new,1607,500,bid,limit,10018,5
17621423109,new,1608,40,bid,limit,10018,10
17624031916,new,1609,358,bid,limit,10006,8
17626099867,new,1610,335,bid,limit,10018,10
17628565045,cancel,1201,,,,,
17638378426,new,1611,100,ask,limit,10022,7
17654311084,new,1612,489,ask,limit,10020,6
17658051986,new,1613,338,bid,market,0,5
17659515061,new,1614,267,bid,limit,10014,3
17663567014,new,1615,402,bid,limit,10013,5
17668185600,new,1616,85,bid,limit,10017,9
17669177880,cancel,1523,,,,,
17671361538,cancel,1459,,,,,
17686709958,cancel,1546,,,,,
17691438271,new,1617,92,ask,limit,10026,9
17695621234,new,1618,314,ask,limit,10025,7
17697920786,new,1619,366,ask,limit,10021,1
17701628139,new,1620,111,ask,limit,10025,3
17705161783,new,1621,40,bid,limit,10012,8
17711704620,new,1622,422,ask,limit,10030,4
17720337433,cancel,1478,,,,,
17720848514,new,1623,331,ask,limit,10019,4
17736081651,new,1624,35,bid,market,0,5
17738245375,cancel,1393,,,,,
17757645039,new,1625,186,bid,limit,10016,4
17806409452,cancel,1234,,,,,
17809268053,cancel,1494,,,,,
17812802071,new,1626,376,ask,market,0,3
17818655490,new,1627,306,bid,limit,10007,8
17828074343,cancel,1352,,,,,
17837258162,new,1628,164,bid,limit,10016,3
17838906790,new,1629,219,bid,limit,10010,6
17846032578,new,1630,142,ask,limit,10019,6
17852847319,new,1631,182,bid,limit,10004,5
17855596617,new,1632,183,ask,limit,10018,7
17859905257,new,1633,46,ask,market,0,3
17872194103,new,1634,287,bid,market,0,5
17872754626,cancel,1584,,,,,
17877394266,new,1635,27,bid,limit,10016,4
17880978032,new,1636,185,bid,market,0,9
17886269039,new,1637,421,bid,limit,10016,5
17893013150,new,1638,452,bid,limit,10013,5
17893090691,new,1639,320,bid,limit,10004,7
17908409930,cancel,1474,,,,,
17910611377,new,1640,94,bid,limit,10010,10
17925573794,new,1641,468,bid,limit,10012,6
17926230730,cancel,1479,,,,,
17954432502,cancel,1432,,,,,
17962087206,cancel,1423,,,,,
17962616421,cancel,1547,,,,,
17964850678,cancel,1337,,,,,
17973108247,new,1642,478,ask,market,0,2
17981034536,new,1643,397,ask,limit,10019,3
17983187376,cancel,1473,,,,,
17984533848,cancel,1454,,,,,
17997581956,new,1644,102,ask,limit,10021,2
18012221675,cancel,1543,,,,,
18021693377,new,1645,362,bid,limit,10014,2
18021991977,new,1646,386,ask,limit,10024,10
18029976421,new,1647,233,ask,limit,10022,4
18030941129,cancel,1640,,,,,
18033998668,cancel,1504,,,,,
18043121354,new,1648,311,ask,limit,10021,2
18048602637,new,1649,450,bid,limit,10002,6
18061852223,new,1650,336,ask,market,0,2
18068874899,new,1651,201,bid,market,0,11
18087086401,new,1652,88,bid,limit,10014,10
18088738160,cancel,1496,,,,,
18091911794,cancel,1357,,,,,
18102013975,new,1653,23,bid,limit,10013,3
18103409276,new,1654,87,ask,limit,10024,10
18105035450,new,1655,165,bid,limit,10015,7
18110371384,new,1656,498,bid,limit,10016,1
18119332465,new,1657,36,bid,limit,10012,1
18126178844,cancel,1334,,,,,
18127256013,cancel,1309,,,,,
18128118387,cancel,1580,,,,,
18138302336,cancel,1644,,,,,
18161719990,cancel,1439,,,,,
18163106914,cancel,1136,,,,,
18176420569,cancel,636,,,,,
18181585792,new,1658,361,bid,limit,10014,9
18182232141,cancel,1461,,,,,
18183033577,cancel,1623,,,,,
18188539066,cancel,665,,,,,
18190141449,new,1659,99,ask,limit,10045,4
18200840209,new,1660,205,bid,limit,10012,3
18200950604,new,1661,233,bid,limit,10015,4
18202671122,new,1662,13,bid,limit,10016,1
18204062949,new,1663,494,ask,limit,10021,4
18205067673,new,1664,49,ask,limit,10023,6
18230072352,new,1665,359,ask,limit,10021,4
18244348541,new,1666,429,ask,limit,10019,8
18252729738,new,1667,280,ask,limit,10017,7
18263955149,new,1668,318,bid,limit,10014,4
18267928284,new,1669,151,bid,limit,10015,4
18272119664,new,1670,74,bid,limit,10013,9
18273752537,cancel,1661,,,,,
18282252580,new,1671,264,bid,limit,10014,9
18287329280,new,1672,181,bid,market,0,12
18289812464,new,1673,406,ask,limit,10017,5
18291995362,new,1674,73,ask,limit,10019,7
18298196587,new,1675,254,bid,limit,10009,6
18299256115,cancel,1211,,,,,
18301959088,new,1676,240,bid,limit,9994,7
18319585379,cancel,1118,,,,,
18321720333,cancel,1614,,,,,
18326017409,cancel,1444,,,,,
18327661485,new,1677,271,ask,limit,10027,8
18336758666,new,1678,25,ask,limit,10020,8
18340094652,cancel,1433,,,,,
18362474610,new,1679,130,bid,market,0,1
18365931335,new,1680,471,bid,limit,10010,5
18370047409,new,1681,215,bid,limit,10009,8
18372984328,cancel,1641,,,,,
18385851860,new,1682,188,bid,market,0,5
18392705262,new,1683,163,ask,market,0,4
18399454866,new,1684,245,ask,limit,10026,9
18411526106,cancel,1570,,,,,
18419377025,new,1685,108,bid,limit,10006,5
18426494745,new,1686,244,bid,limit,9993,5
18438450361,new,1687,301,ask,limit,10017,3
18439433571,cancel,1166,,,,,
18443113709,new,1688,476,ask,limit,10019,1
18459510780,cancel,1480,,,,,
18465068794,new,1689,60,bid,limit,10013,8
18470750545,cancel,1566,,,,,
18481333474,new,1690,422,bid,limit,9994,1
18487167783,cancel,1402,,,,,
18488199027,new,1691,117,ask,market,0,5
18494953590,new,1692,52,ask,limit,10027,6
18495916997,new,1693,270,bid,limit,10015,4
18498331650,new,1694,363,bid,limit,10013,1
18499775345,new,1695,336,bid,limit,10016,6
18501715032,new,1696,82,bid,limit,10014,3
18516290436,cancel,469,,,,,
18517715722,new,1697,180,bid,limit,10010,5
18522880279,new,1698,33,bid,limit,10013,8
18546511288,new,1699,165,bid,limit,10013,1
18557174642,new,1700,383,ask,limit,10020,9
18572298390,new,1701,355,ask,limit,10020,3
18583033001,new,1702,236,bid,limit,10011,9
18583606671,cancel,1577,,,,,
18589261914,new,1703,188,bid,limit,10014,1
18591984220,new,1704,397,ask,limit,10018,4
18602705188,cancel,1656,,,,,
18613085753,new,1705,418,bid,limit,10013,7
18615167132,new,1706,160,ask,market,0,9
18617188416,new,1707,82,ask,limit,10028,2
18626541309,new,1708,113,ask,limit,10022,2
18634427951,cancel,1521,,,,,
18634795945,cancel,1678,,,,,
18656220525,cancel,1677,,,,,
18664656389,new,1709,307,bid,limit,9999,9
18667218781,cancel,1221,,,,,
18670783462,cancel,1670,,,,,
18672050817,cancel,1645,,,,,
18679045338,cancel,1665,,,,,
18681861201,new,1710,164,ask,limit,10020,2
18688821551,new,1711,59,ask,limit,10022,6
18693490795,new,1712,124,bid,limit,10009,1
18697252096,new,1713,309,ask,limit,10016,7
18700642568,new,1714,247,ask,limit,10017,5
18704226508,cancel,1497,,,,,
18711007760,new,1715,325,ask,limit,10025,1
18723591014,cancel,1510,,,,,
18725429021,new,1716,56,bid,limit,10015,5
18726444389,new,1717,39,ask,limit,10018,9
18736442760,new,1718,256,ask,limit,10023,7
18736874274,cancel,1507,,,,,
18755854678,cancel,1594,,,,,
18760192028,new,1719,199,bid,limit,10012,10
18765482864,new,1720,334,ask,market,0,2
18769407218,new,1721,383,ask,limit,10025,9
18772935754,new,1722,424,ask,limit,10016,5
18775448919,cancel,1471,,,,,
18776274974,new,1723,203,ask,limit,10017,4
18802319860,new,1724,207,bid,limit,10005,2
18803251041,cancel,1456,,,,,
18811171422,new,1725,79,bid,limit,10008,10
18816863296,new,1726,155,ask,market,0,8
18823427177,new,1727,77,bid,limit,10012,5
18823521685,new,1728,30,bid,limit,10011,9
18825293161,new,1729,108,ask,limit,10023,6
18837471847,new,1730,418,bid,limit,10008,2
18843743853,new,1731,431,ask,limit,10022,5
18848912523,new,1732,477,ask,limit,10016,5
18852444752,cancel,1618,,,,,
18857779377,cancel,1407,,,,,
18867929249,new,1733,109,bid,limit,10011,6
18902890625,cancel,1462,,,,,
18905910969,cancel,1668,,,,,
18907037118,cancel,1419,,,,,
18907193327,new,1734,143,bid,limit,10013,3
18913976164,new,1735,190,ask,market,0,5
18917849768,new,1736,442,ask,limit,10014,4
18921408292,cancel,1685,,,,,
18928413786,new,1737,451,bid,limit,10012,7
18945569724,new,1738,428,bid,limit,10007,9
18957637358,cancel,1532,,,,,
18962558593,new,1739,253,ask,limit,10017,3
18966072087,cancel,1488,,,,,
18970370638,new,1740,316,bid,limit,10000,1
18977611480,new,1741,149,bid,limit,10008,10
18980432352,new,1742,70,ask,limit,10018,4
18980899642,cancel,1018,,,,,
18986914695,cancel,1731,,,,,
18988246637,cancel,1571,,,,,
18997224234,new,1743,176,ask,limit,10020,9
19019068276,new,1744,46,ask,limit,10014,7
19028294204,cancel,1472,,,,,
19040442669,new,1745,370,bid,limit,10012,10
19052450949,cancel,158,,,,,
19057914175,new,1746,430,bid,limit,10003,10
19064973060,cancel,1737,,,,,
19070100088,new,1747,250,bid,limit,10012,10
19077414224,cancel,1520,,,,,
19081792791,new,1748,486,bid,limit,10006,10
19082218072,new,1749,249,ask,limit,10021,4
19085065581,cancel,1707,,,,,
19116866312,cancel,1660,,,,,
19128385109,cancel,1745,,,,,
19153129707,new,1750,170,bid,limit,10004,9
19158813238,new,1751,201,ask,limit,10015,1
19185242238,cancel,1671,,,,,
19189955870,new,1752,225,bid,limit,10012,8
19192170921,new,1753,83,ask,limit,10021,3
19197306891,new,1754,336,bid,market,0,12
19202321801,new,1755,80,ask,limit,10017,6
19202338811,new,1756,188,ask,limit,10017,10
19206135026,new,1757,213,bid,limit,10013,8
19211061358,new,1758,2,ask,limit,10019,6
19223541845,new,1759,147,bid,limit,10008,3
19233269277,new,1760,373,bid,limit,10005,3
19236485886,new,1761,292,ask,limit,10015,8
19240658353,new,1762,405,ask,limit,10020,4
19267454279,new,1763,472,ask,limit,10014,4
19268853984,new,1764,66,ask,limit,10018,3
19271808176,cancel,1590,,,,,
19282824745,new,1765,446,bid,limit,10010,7
19290964801,new,1766,193,bid,limit,10008,8
19292730515,new,1767,306,ask,market,0,7
19296915838,cancel,1753,,,,,
19299803558,new,1768,408,bid,limit,10010,1
19301103623,cancel,1377,,,,,
19320278048,new,1769,372,bid,limit,9991,5
19329972601,new,1770,446,ask,market,0,4
19332431843,new,1771,18,ask,limit,10025,2
19343432451,new,1772,80,bid,limit,10011,3
19344438194,cancel,1696,,,,,
19361262031,cancel,548,,,,,
19367231847,cancel,1629,,,,,
19371265137,new,1773,361,bid,limit,10003,5
19375881053,cancel,1728,,,,,
19402106846,new,1774,294,bid,limit,10007,6
19405741202,new,1775,198,ask,limit,10015,10
19414279815,new,1776,260,bid,limit,10011,4
19414549341,new,1777,392,ask,limit,10022,3
19429166736,cancel,1553,,,,,
19435304939,new,1778,414,ask,market,0,10
19436314421,new,1779,99,ask,limit,10023,7
19437575741,cancel,1522,,,,,
19441132428,cancel,1680,,,,,
19442773029,new,1780,472,ask,limit,10017,4
19443060375,new,1781,438,ask,limit,10029,8
19448662980,new,1782,292,bid,limit,10007,2
19455391309,new,1783,398,bid,limit,10002,3
19455460355,new,1784,63,ask,market,0,12
19457348081,new,1785,31,bid,market,0,5
19458713066,new,1786,482,bid,limit,10010,9
19471810556,new,1787,375,ask,limit,10013,8
19478791677,new,1788,466,ask,limit,10023,9
19480112171,new,1789,459,ask,limit,10015,7
19491983297,cancel,1698,,,,,
19520177626,new,1790,298,bid,limit,10010,7
19521575931,new,1791,182,bid,limit,10011,9
19521637210,new,1792,41,bid,limit,10011,6
19526979681,cancel,1390,,,,,
19532655312,cancel,1092,,,,,
19550575425,new,1793,274,bid,limit,10001,1
19552855968,new,1794,479,bid,limit,10011,2
19554084837,cancel,1585,,,,,
19556257366,new,1795,286,bid,limit,9998,4
19586726863,new,1796,411,ask,limit,10023,6
19591978689,cancel,1654,,,,,
19596956458,new,1797,177,bid,limit,10007,7
19597720001,cancel,1567,,,,,
19603303309,new,1798,285,bid,limit,10011,10
19606257497,new,1799,103,ask,limit,10013,10
19606869541,new,1800,319,bid,limit,10001,5
19609007448,new,1801,90,ask,limit,10019,7
19610698595,new,1802,29,ask,limit,10014,3
19612087866,cancel,1752,,,,,
19626822713,cancel,1766,,,,,
19628505141,new,1803,133,ask,market,0,10
19629080945,cancel,975,,,,,
19637562887,cancel,1226,,,,,
19642880760,cancel,1247,,,,,
19647577292,new,1804,46,bid,limit,10008,3
19648702779,new,1805,370,ask,limit,10022,9
19648963822,cancel,1700,,,,,
19651244916,new,1806,440,bid,limit,10010,10
19670922455,new,1807,447,bid,limit,10010,10
19675912921,new,1808,177,bid,market,0,2
19685627546,new,1809,118,bid,limit,10009,3
19686207652,cancel,1715,,,,,
19698955186,cancel,1630,,,,,
19699724814,cancel,1689,,,,,
19700709086,cancel,1727,,,,,
19707287421,cancel,1749,,,,,
19708314020,new,1810,256,ask,limit,10019,8
19713451518,new,1811,120,ask,limit,10016,4
19733085121,cancel,1589,,,,,
19733961694,cancel,1167,,,,,
19739213603,new,1812,39,bid,limit,10010,7
19740600318,cancel,1750,,,,,
19750928607,new,1813,134,ask,limit,10017,5
19764754359,new,1814,219,ask,limit,10018,2
19770504293,new,1815,432,ask,limit,10015,2
19775933782,new,1816,206,ask,limit,10018,4
19776847130,new,1817,228,ask,limit,10020,6
19776970724,new,1818,316,bid,limit,10000,6
19781374666,new,1819,93,bid,limit,9995,10
19782254517,cancel,934,,,,,
19790902152,cancel,1389,,,,,
19791270379,new,1820,388,bid,limit,9997,6
19791640693,new,1821,253,ask,limit,10015,6
19797053062,cancel,1741,,,,,
19807983992,new,1822,283,bid,limit,10010,9
19814810369,new,1823,347,bid,limit,10007,4
19815181879,cancel,1511,,,,,
19818150450,new,1824,355,bid,limit,10006,6
19819747557,new,1825,32,ask,limit,10014,1
19826743799,new,1826,30,bid,limit,10006,3
19833729163,new,1827,265,ask,limit,10021,9
19838182116,new,1828,488,ask,limit,10019,3
19843719379,new,1829,373,ask,limit,10013,6
19844889848,cancel,1697,,,,,
19845378256,cancel,1819,,,,,
19852354316,new,1830,6,ask,limit,10016,4
19854196211,cancel,1789,,,,,
19855970279,new,1831,267,bid,limit,10008,6
19856257237,new,1832,94,bid,limit,10004,6
19871395964,new,1833,279,bid,limit,10006,10
19872921512,new,1834,281,bid,limit,9999,5
19884605954,new,1835,284,bid,limit,10012,9
19888243617,cancel,1528,,,,,
19891017818,new,1836,41,ask,limit,10022,7
19901248524,new,1837,352,ask,limit,10020,4
19903185977,cancel,1631,,,,,
19907932141,cancel,1765,,,,,
19912433694,new,1838,418,bid,limit,10010,2
19914242695,new,1839,147,ask,limit,10018,8
19916002567,cancel,1708,,,,,
19923682532,cancel,1537,,,,,
19933927391,cancel,1657,,,,,
19940249007,cancel,1733,,,,,
19961149012,new,1840,389,ask,limit,10020,6
19961695850,cancel,830,,,,,
19961860737,cancel,1704,,,,,
19967768759,cancel,1786,,,,,
19986626281,new,1841,162,ask,limit,10014,10
19991901010,new,1842,441,bid,limit,10008,5
19991984958,new,1843,330,bid,limit,10010,4
19996145455,new,1844,301,ask,limit,10013,4
19997534480,cancel,1782,,,,,
